Site,label_metal,E_ads,max_d_CO,min_d_CO,OCO_ang,PE_h,IP_h,EA_h,rs_h,rp_h,rd_h,rval_h,bulk_nnd,PE_sa,IP_sa,EA_sa,rs_sa,rp_sa,rd_sa,rval_sa,PE_site,IP_site,EA_site,PE_snn,IP_snn,EA_snn,CN,gen_CN,site_no
Zn_0001_Ir_sub_OCO_ontop_SA-C,0,-0.1472,0.1083,0.1083,124.19,1.65,9.394,0.0,1.105,0,0.2998,1.105,2.611,2.2,9.1,1.565,1.291,0,0.6938,0.6938,1.8333,9.296,0.5217,1.6775,9.3793,0.0783,5.6667,7.25,3
Zn_0001_Os_sub_OCO_ontop_SA-C,0,-0.1326,0.117,0.1154,121.76,1.65,9.394,0.0,1.105,0,0.2998,1.105,2.611,2.2,8.7,1.1,1.3127,0,0.7191,0.7191,1.8333,9.1627,0.3667,1.6775,9.3593,0.055,5.6667,7.25,3
Zn_0001_Os_sub_OCO_bridge_SA-C,0,-0.0056,0.0902,0.0703,136.0,1.65,9.394,0.0,1.105,0,0.2998,1.105,2.611,2.2,8.7,1.1,1.3127,0,0.7191,0.7191,1.925,9.047,0.55,1.6867,9.3477,0.0733,6.5,7.3333,2
Zn_0001_Ru_sub_OCO_bridge_SA-C,0,-0.0140,0.0804,0.063,138.23,1.65,9.394,0.0,1.105,0,0.2998,1.105,2.611,2.2,7.361,1.05,1.4756,0,0.6473,0.6473,1.925,8.3775,0.525,1.6867,9.2585,0.07,6.5,7.3333,2
Zn_st_0001_Co_sub_OCO_bridge2-s_SA-C,0,-0.3787,0.0898,0.089,134.17,1.65,9.394,0.0,1.105,0,0.2998,1.105,2.611,1.88,7.881,0.661,1.2915,0,0.359,0.359,1.765,8.6375,0.3305,1.6664,9.2859,0.0472,5.0,5.5,2
Zn_st_0001_Co_sub_OCO_ontop-s_SA-C,0,-0.7934,0.1278,0.1276,120.93,1.65,9.394,0.0,1.105,0,0.2998,1.105,2.611,1.88,7.881,0.661,1.2915,0,0.359,0.359,1.7267,8.8897,0.2203,1.6621,9.3144,0.0348,4.3333,5.4167,3
Zn_st_0001_Co_sub_OCO_bridge1-s_SA-C,0,-0.3482,0.1021,0.0489,137.45,1.65,9.394,0.0,1.105,0,0.2998,1.105,2.611,1.88,7.881,0.661,1.2915,0,0.359,0.359,1.765,8.6375,0.3305,1.6644,9.2994,0.0413,6.5,7.3333,2
Zn_st_0001_Co_sub_OCO_bridge1-s_fcc-s_SA-C,0,-0.1953,0.1561,0.1048,121.24,1.65,9.394,0.0,1.105,0,0.2998,1.105,2.611,1.88,7.881,0.661,1.2915,0,0.359,0.359,1.7075,9.0158,0.1653,1.6588,9.3358,0.0254,4.75,7.1111,4
Zn_st_0001_Ir_sub_OCO_ontop-s_SA-C,0,-0.6469,0.1217,0.1215,122.17,1.65,9.394,0.0,1.105,0,0.2998,1.105,2.611,2.2,9.1,1.565,1.291,0,0.6938,0.6938,1.8333,9.296,0.5217,1.6789,9.3785,0.0824,4.3333,5.4167,3
Zn_st_0001_Ir_sub_OCO_bridge1-s_SA-C,0,-0.2323,0.1323,0.0525,127.96,1.65,9.394,0.0,1.105,0,0.2998,1.105,2.611,2.2,9.1,1.565,1.291,0,0.6938,0.6938,1.925,9.247,0.7825,1.6844,9.3756,0.0978,6.5,7.3333,2
Zn_st_0001_Ir_sub_OCO_fcc-s_SA-C,0,-0.1244,0.1985,0.0492,123.05,1.65,9.394,0.0,1.105,0,0.2998,1.105,2.611,2.2,9.1,1.565,1.291,0,0.6938,0.6938,1.8333,9.296,0.5217,1.6789,9.3785,0.0824,4.3333,6.0952,3
Zn_st_0001_Ni_sub_OCO_ontop-s_SA-C,0,-0.3717,0.1183,0.1183,122.12,1.65,9.394,0.0,1.105,0,0.2998,1.105,2.611,1.91,7.64,1.156,1.2532,0,0.3378,0.3378,1.7367,8.8093,0.3853,1.6637,9.3017,0.0608,4.3333,5.4167,3
Zn_st_0001_Ni_sub_OCO_bridge1-s_SA-C,0,-0.0079,0.1232,0.0501,129.97,1.65,9.394,0.0,1.105,0,0.2998,1.105,2.611,1.91,7.64,1.156,1.2532,0,0.3378,0.3378,1.78,8.517,0.578,1.6662,9.2844,0.0722,6.5,7.3333,2
Zn_st_0001_Os_sub_OCO_ontop-s_SA-C,0,-0.6756,0.1301,0.1301,120.09,1.65,9.394,0.0,1.105,0,0.2998,1.105,2.611,2.2,8.7,1.1,1.3127,0,0.7191,0.7191,1.8333,9.1627,0.3667,1.6789,9.3575,0.0579,4.3333,5.4167,3
Zn_st_0001_Pt_sub_OCO_ontop-s_SA-C,0,-0.1672,0.108,0.1079,125.47,1.65,9.394,0.0,1.105,0,0.2998,1.105,2.611,2.28,9.0,2.128,1.2686,0,0.6705,0.6705,1.86,9.2627,0.7093,1.6832,9.3733,0.112,4.3333,5.4167,3
Zn_st_0001_Pt_sub_OCO_bridge2-s_SA-C,0,-0.1053,0.1269,0.0495,129.01,1.65,9.394,0.0,1.105,0,0.2998,1.105,2.611,2.28,9.0,2.128,1.2686,0,0.6705,0.6705,1.965,9.197,1.064,1.695,9.3659,0.152,5.0,5.5,2
Zn_st_0001_Rh_sub_OCO_ontop-s_SA-C,0,-0.4558,0.118,0.1177,122.87,1.65,9.394,0.0,1.105,0,0.2998,1.105,2.611,2.28,7.459,1.137,1.4462,0,0.613,0.613,1.86,8.749,0.379,1.6832,9.2922,0.0598,4.3333,5.4167,3
Zn_st_0001_Rh_sub_OCO_bridge1-s_SA-C,0,-0.1243,0.123,0.0492,130.08,1.65,9.394,0.0,1.105,0,0.2998,1.105,2.611,2.28,7.459,1.137,1.4462,0,0.613,0.613,1.965,8.4265,0.5685,1.6894,9.2731,0.0711,6.5,7.3333,2
Zn_st_0001_Ru_sub_OCO_bridge3-s_SA-C,0,-0.3740,0.0864,0.0773,136.66,1.65,9.394,0.0,1.105,0,0.2998,1.105,2.611,2.2,7.361,1.05,1.4756,0,0.6473,0.6473,1.925,8.3775,0.525,1.6867,9.2585,0.07,5.5,6.0,2
Zn_st_0001_Ru_sub_OCO_ontop-s_SA-C,0,-0.6134,0.1282,0.1281,120.7,1.65,9.394,0.0,1.105,0,0.2998,1.105,2.611,2.2,7.361,1.05,1.4756,0,0.6473,0.6473,1.8333,8.7163,0.35,1.6789,9.287,0.0553,4.3333,5.4167,3
Zn_st_0001_Ru_sub_OCO_bridge2-s_SA-C,0,-0.5598,0.0887,0.0828,134.68,1.65,9.394,0.0,1.105,0,0.2998,1.105,2.611,2.2,7.361,1.05,1.4756,0,0.6473,0.6473,1.925,8.3775,0.525,1.6893,9.2488,0.075,5.0,5.5,2
Zn_st_0001_Ru_sub_OCO_top-s_top-t_SA-C,0,-0.6492,0.0905,0.0885,130.94,1.65,9.394,0.0,1.105,0,0.2998,1.105,2.611,2.2,7.361,1.05,1.4756,0,0.6473,0.6473,1.925,8.3775,0.525,1.6806,9.2811,0.0583,7.5,6.8182,2
Zn_st_0001_Ru_sub_OCO_bridge1-s_SA-C,0,-0.5265,0.0891,0.0701,136.68,1.65,9.394,0.0,1.105,0,0.2998,1.105,2.611,2.2,7.361,1.05,1.4756,0,0.6473,0.6473,1.925,8.3775,0.525,1.6844,9.2669,0.0656,6.5,7.3333,2
Cu_111_Ir_sub_OCO_bridge_SA-C,1,-0.08698,0.0791,0.068,137.45,1.9,7.726,1.228,1.1989,0,0.3191,1.1989,2.53,2.2,9.1,1.565,1.291,0,0.6938,0.6938,2.05,8.413,1.3965,1.92,7.8176,1.2505,6.5,7.3333,2
Cu_111_Ir_sub_OCO_hcp_SA-C,1,-0.00127,0.1287,0.0485,131.87,1.9,7.726,1.228,1.1989,0,0.3191,1.1989,2.53,2.2,9.1,1.565,1.291,0,0.6938,0.6938,2.0,8.184,1.3403,1.9158,7.7983,1.2457,5.3333,7.5,3
Cu_111_Os_sub_OCO_bridge_SA-C,1,-0.42495,0.0963,0.067,137.11,1.9,7.726,1.228,1.1989,0,0.3191,1.1989,2.53,2.2,8.7,1.1,1.3127,0,0.7191,0.7191,2.05,8.213,1.164,1.92,7.7909,1.2195,6.5,7.3333,2
Cu_111_Rh_sub_OCO_bridge_SA_C,1,-0.06181,0.0689,0.0618,140.71,1.9,7.726,1.228,1.1989,0,0.3191,1.1989,2.53,2.28,7.459,1.137,1.4462,0,0.613,0.613,2.09,7.5925,1.1825,1.9253,7.7082,1.2219,6.5,7.3333,2
Cu_111_Ru_sub_OCO_bridge_SA-C,1,-0.39332,0.0835,0.0673,138.59,1.9,7.726,1.228,1.1989,0,0.3191,1.1989,2.53,2.2,7.361,1.05,1.4756,0,0.6473,0.6473,2.05,7.5435,1.139,1.92,7.7017,1.2161,6.5,7.3333,2
Cu_100_Ir_sub_OCO_ontop_SA-C,1,-0.10755,0.0711,0.0711,138.69,1.9,7.726,1.228,1.1989,0,0.3191,1.1989,2.53,2.2,9.1,1.565,1.291,0,0.6938,0.6938,2.2,9.1,1.565,1.9333,7.8787,1.2654,8.0,6.6667,1
Cu_100_Ir_sub_OCO_hollow_3at_SA-C,1,-0.47237,0.1703,0.0469,126.57,1.9,7.726,1.228,1.1989,0,0.3191,1.1989,2.53,2.2,9.1,1.565,1.291,0,0.6938,0.6938,2.0,8.184,1.3403,1.9167,7.8023,1.2467,5.0,6.6087,3
Cu_100_Ir_sub_OCO_bridge_SA-C,1,-0.40177,0.1218,0.0482,132.17,1.9,7.726,1.228,1.1989,0,0.3191,1.1989,2.53,2.2,9.1,1.565,1.291,0,0.6938,0.6938,2.05,8.413,1.3965,1.9214,7.8241,1.2521,6.0,6.6667,2
Cu_100_Ni_sub_OCO_hollow_3at_SA-C,1,-0.20027,0.1531,0.0499,128.44,1.9,7.726,1.228,1.1989,0,0.3191,1.1989,2.53,1.91,7.64,1.156,1.2532,0,0.3378,0.3378,1.9025,7.7045,1.21,1.9005,7.7219,1.2246,4.25,6.6154,4
Cu_100_Ni_sub_OCO_ontop_SA-C,1,-0.11732,0.0739,0.0739,138.26,1.9,7.726,1.228,1.1989,0,0.3191,1.1989,2.53,1.91,7.64,1.156,1.2532,0,0.3378,0.3378,1.9033,7.6973,1.204,1.9005,7.7215,1.2242,5.3333,6.6667,3
Cu_100_Ni_sub_OCO_bridge_SA-C,1,-0.20680,0.0999,0.05,135.93,1.9,7.726,1.228,1.1989,0,0.3191,1.1989,2.53,1.91,7.64,1.156,1.2532,0,0.3378,0.3378,1.905,7.683,1.192,1.9007,7.7199,1.2229,6.0,6.6667,2
Cu_100_Os_sub_OCO_hollow_SA-C,1,-0.91096,0.1076,0.0897,132.45,1.9,7.726,1.228,1.1989,0,0.3191,1.1989,2.53,2.2,8.7,1.1,1.3127,0,0.7191,0.7191,1.975,7.9695,1.196,1.9143,7.7724,1.2219,4.25,6.6154,4
Cu_100_Os_sub_OCO_bridge_SA-C,1,-0.73018,0.1016,0.0668,136.78,1.9,7.726,1.228,1.1989,0,0.3191,1.1989,2.53,2.2,8.7,1.1,1.3127,0,0.7191,0.7191,2.05,8.213,1.164,1.9214,7.7956,1.2189,6.0,6.6667,2
Cu_100_Pt_sub_OCO_bridge_SA-C,1,-0.10513,0.0971,0.0403,136.39,1.9,7.726,1.228,1.1989,0,0.3191,1.1989,2.53,2.28,9.0,2.128,1.2686,0,0.6705,0.6705,2.09,8.363,1.678,1.9271,7.817,1.2923,6.0,6.6667,2
Cu_100_Rh_sub_OCO_hollow_3at_SA-C,1,-0.34743,0.1483,0.0476,129.65,1.9,7.726,1.228,1.1989,0,0.3191,1.1989,2.53,2.28,7.459,1.137,1.4462,0,0.613,0.613,2.0267,7.637,1.1977,1.9211,7.7112,1.2229,5.0,6.6087,3
Cu_100_Rh_sub_OCO_ontop_SA-C,1,-0.05426,0.0572,0.0572,144.11,1.9,7.726,1.228,1.1989,0,0.3191,1.1989,2.53,2.28,7.459,1.137,1.4462,0,0.613,0.613,2.28,7.459,1.137,1.9422,7.6963,1.2179,8.0,6.6667,1
Cu_100_Rh_sub_OCO_bridge_SA-C,1,-0.30658,0.1016,0.0473,136.34,1.9,7.726,1.228,1.1989,0,0.3191,1.1989,2.53,2.28,7.459,1.137,1.4462,0,0.613,0.613,2.09,7.5925,1.1825,1.9271,7.7069,1.2215,6.0,6.6667,2
Cu_100_Ru_sub_OCO_bridge_SA-C,1,-0.60999,0.0869,0.0667,138.3,1.9,7.726,1.228,1.1989,0,0.3191,1.1989,2.53,2.2,7.361,1.05,1.4756,0,0.6473,0.6473,2.05,7.5435,1.139,1.9214,7.6999,1.2153,6.0,6.6667,2
Cu_100_Ru_sub_OCO_hollow_SA-C,1,-0.79042,0.0943,0.0921,132.94,1.9,7.726,1.228,1.1989,0,0.3191,1.1989,2.53,2.2,7.361,1.05,1.4756,0,0.6473,0.6473,1.975,7.6347,1.1835,1.9143,7.7086,1.2195,4.25,6.6154,4
Cu_110_Co_sub_OCO_long_SA-C,1,-0.19477,0.0781,0.0698,136.11,1.9,7.726,1.228,1.1989,0,0.3191,1.1989,2.529,1.88,7.881,0.661,1.2915,0,0.359,0.359,1.89,7.8035,0.9445,1.8986,7.7371,1.1875,6.0,5.9,2
Cu_110_Co_sub_OCO_short_SA-C,1,-0.30027,0.0764,0.0618,139.66,1.9,7.726,1.228,1.1989,0,0.3191,1.1989,2.529,1.88,7.881,0.661,1.2915,0,0.359,0.359,1.89,7.8035,0.9445,1.8983,7.7389,1.1807,5.0,5.7778,2
Cu_110_Ir_sub_OCO_hollow_3at_SA-C,1,-0.74091,0.1091,0.1067,124.94,1.9,7.726,1.228,1.1989,0,0.3191,1.1989,2.529,2.2,9.1,1.565,1.291,0,0.6938,0.6938,2.0,8.184,1.3403,1.9167,7.8023,1.2467,5.0,5.8462,3
Cu_110_Ir_sub_OCO_ontop_SA-C,1,-0.30444,0.0579,0.0578,143.65,1.9,7.726,1.228,1.1989,0,0.3191,1.1989,2.529,2.2,9.1,1.565,1.291,0,0.6938,0.6938,2.2,9.1,1.565,1.9375,7.8978,1.2701,7.0,5.8333,1
Cu_110_Ir_sub_OCO_long_SA-C,1,-0.74854,0.0895,0.0846,132.72,1.9,7.726,1.228,1.1989,0,0.3191,1.1989,2.529,2.2,9.1,1.565,1.291,0,0.6938,0.6938,2.05,8.413,1.3965,1.9214,7.8241,1.2521,6.0,5.9,2
Cu_110_Ir_sub_OCO_short_SA-C,1,-0.72904,0.0826,0.0745,137.06,1.9,7.726,1.228,1.1989,0,0.3191,1.1989,2.529,2.2,9.1,1.565,1.291,0,0.6938,0.6938,2.05,8.413,1.3965,1.925,7.8405,1.2561,5.0,5.7778,2
Cu_110_Ni_sub_OCO_hollow_SA-O,1,-0.00341,0.1132,0.0988,124.64,1.9,7.726,1.228,1.1989,0,0.3191,1.1989,2.529,1.91,7.64,1.156,1.2532,0,0.3378,0.3378,1.9025,7.7045,1.21,1.9005,7.7217,1.2244,4.0,6.1111,4
Cu_110_Ni_sub_OCO_hollow_3at_SA-C,1,-0.40174,0.1073,0.0871,128.92,1.9,7.726,1.228,1.1989,0,0.3191,1.1989,2.529,1.91,7.64,1.156,1.2532,0,0.3378,0.3378,1.9033,7.6973,1.204,1.9006,7.7212,1.224,5.0,5.8462,3
Cu_110_Ni_sub_OCO_ontop_SA-C,1,-0.05895,0.0486,0.0484,147.5,1.9,7.726,1.228,1.1989,0,0.3191,1.1989,2.529,1.91,7.64,1.156,1.2532,0,0.3378,0.3378,1.91,7.64,1.156,1.9013,7.7153,1.219,7.0,5.8333,1
Cu_110_Ni_sub_OCO_long_SA-C,1,-0.45990,0.0786,0.0768,135.75,1.9,7.726,1.228,1.1989,0,0.3191,1.1989,2.529,1.91,7.64,1.156,1.2532,0,0.3378,0.3378,1.905,7.683,1.192,1.9007,7.7199,1.2229,6.0,5.9,2
Cu_110_Ni_sub_OCO_short_SA-C,1,-0.46005,0.0736,0.065,139.96,1.9,7.726,1.228,1.1989,0,0.3191,1.1989,2.529,1.91,7.64,1.156,1.2532,0,0.3378,0.3378,1.905,7.683,1.192,1.9008,7.7188,1.222,5.0,5.7778,2
Cu_110_Ni_sub_OCO_ontop_2_SA-C,1,-0.28949,0.0758,0.0757,138.17,1.9,7.726,1.228,1.1989,0,0.3191,1.1989,2.529,1.91,7.64,1.156,1.2532,0,0.3378,0.3378,1.9033,7.6973,1.204,1.9006,7.7206,1.2235,4.3333,5.75,3
Cu_110_Os_sub_OCO_long_SA-C,1,-1.13528,0.1201,0.0777,131.56,1.9,7.726,1.228,1.1989,0,0.3191,1.1989,2.529,2.2,8.7,1.1,1.3127,0,0.7191,0.7191,2.05,8.213,1.164,1.9214,7.7956,1.2189,6.0,5.9,2
Cu_110_Os_sub_OCO_ontop_SA-C,1,-0.41877,0.0652,0.0651,142.57,1.9,7.726,1.228,1.1989,0,0.3191,1.1989,2.529,2.2,8.7,1.1,1.3127,0,0.7191,0.7191,2.2,8.7,1.1,1.9375,7.8477,1.212,7.0,5.8333,1
Cu_110_Os_sub_OCO_long_SA-O,1,-0.17481,0.2518,0.0328,119.6,1.9,7.726,1.228,1.1989,0,0.3191,1.1989,2.529,2.2,8.7,1.1,1.3127,0,0.7191,0.7191,2.05,8.213,1.164,1.9214,7.7956,1.2189,6.0,5.9,2
Cu_110_Os_sub_OCO_short_SA-C,1,-1.21746,0.1134,0.0648,136.12,1.9,7.726,1.228,1.1989,0,0.3191,1.1989,2.529,2.2,8.7,1.1,1.3127,0,0.7191,0.7191,2.05,8.213,1.164,1.925,7.8072,1.2173,5.0,5.7778,2
Cu_110_Pd_sub_OCO_hollow_3at_SA-C,1,-0.05496,0.0807,0.0773,133.19,1.9,7.726,1.228,1.1989,0,0.3191,1.1989,2.529,2.2,8.337,0.557,1.4075,0,0.5806,0.5806,2.0,7.9297,1.0043,1.9167,7.7599,1.1907,5.0,5.8462,3
Cu_110_Pd_sub_OCO_long_SA-C,1,-0.08027,0.0755,0.0473,138.81,1.9,7.726,1.228,1.1989,0,0.3191,1.1989,2.529,2.2,8.337,0.557,1.4075,0,0.5806,0.5806,2.05,8.0315,0.8925,1.9214,7.7696,1.1801,6.0,5.9,2
Cu_110_Pd_sub_OCO_short_SA-C,1,-0.11760,0.0689,0.0386,143.1,1.9,7.726,1.228,1.1989,0,0.3191,1.1989,2.529,2.2,8.337,0.557,1.4075,0,0.5806,0.5806,2.05,8.0315,0.8925,1.925,7.7769,1.1721,5.0,5.7778,2
Cu_110_Pt_sub_OCO_long_SA-C,1,-0.32001,0.0978,0.0523,133.38,1.9,7.726,1.228,1.1989,0,0.3191,1.1989,2.529,2.28,9.0,2.128,1.2686,0,0.6705,0.6705,2.09,8.363,1.678,1.9271,7.817,1.2923,6.0,5.9,2
Cu_110_Pt_sub_OCO_hollow_3at_SA-C,1,-0.33413,0.0943,0.0926,128.18,1.9,7.726,1.228,1.1989,0,0.3191,1.1989,2.529,2.28,9.0,2.128,1.2686,0,0.6705,0.6705,2.0267,8.1507,1.528,1.9211,7.7968,1.278,5.0,5.8462,3
Cu_110_Pt_sub_OCO_short_SA-C,1,-0.29982,0.0907,0.0458,136.82,1.9,7.726,1.228,1.1989,0,0.3191,1.1989,2.529,2.28,9.0,2.128,1.2686,0,0.6705,0.6705,2.09,8.363,1.678,1.9317,7.8322,1.303,5.0,5.7778,2
Cu_110_Pt_sub_OCO_ontop_SA-C,1,-0.01053,0.0469,0.0469,146.02,1.9,7.726,1.228,1.1989,0,0.3191,1.1989,2.529,2.28,9.0,2.128,1.2686,0,0.6705,0.6705,2.28,9.0,2.128,1.9475,7.8853,1.3405,7.0,5.8333,1
Cu_110_Rh_sub_OCO_hollow_3at_SA-C,1,-0.58693,0.1024,0.0995,127.24,1.9,7.726,1.228,1.1989,0,0.3191,1.1989,2.529,2.28,7.459,1.137,1.4462,0,0.613,0.613,2.0267,7.637,1.1977,1.9211,7.7112,1.2229,5.0,5.8462,3
Cu_110_Rh_sub_OCO_long_SA-C,1,-0.59151,0.0842,0.0757,134.58,1.9,7.726,1.228,1.1989,0,0.3191,1.1989,2.529,2.28,7.459,1.137,1.4462,0,0.613,0.613,2.09,7.5925,1.1825,1.9271,7.7069,1.2215,6.0,5.9,2
Cu_110_Rh_sub_OCO_ontop_SA-C,1,-0.21647,0.047,0.0469,148.75,1.9,7.726,1.228,1.1989,0,0.3191,1.1989,2.529,2.28,7.459,1.137,1.4462,0,0.613,0.613,2.28,7.459,1.137,1.9475,7.6926,1.2166,7.0,5.8333,1
Cu_110_Rh_sub_OCO_short_SA-C,1,-0.59321,0.075,0.0674,138.96,1.9,7.726,1.228,1.1989,0,0.3191,1.1989,2.529,2.28,7.459,1.137,1.4462,0,0.613,0.613,2.09,7.5925,1.1825,1.9317,7.7038,1.2204,5.0,5.7778,2
Cu_110_Ru_sub_OCO_long_SA-C,1,-0.95815,0.1041,0.0801,132.27,1.9,7.726,1.228,1.1989,0,0.3191,1.1989,2.529,2.2,7.361,1.05,1.4756,0,0.6473,0.6473,2.05,7.5435,1.139,1.9214,7.6999,1.2153,6.0,5.9,2
Cu_110_Ru_sub_OCO_hollow_3at_SA-O,1,-0.24907,0.1289,0.0897,124.04,1.9,7.726,1.228,1.1989,0,0.3191,1.1989,2.529,2.2,7.361,1.05,1.4756,0,0.6473,0.6473,2.0,7.6043,1.1687,1.9167,7.7057,1.2181,5.0,5.8462,3
Cu_110_Ru_sub_OCO_long_SA-O,1,-0.17140,0.119,0.0455,130.86,1.9,7.726,1.228,1.1989,0,0.3191,1.1989,2.529,2.2,7.361,1.05,1.4756,0,0.6473,0.6473,2.05,7.5435,1.139,1.9214,7.6999,1.2153,6.0,5.9,2
Cu_110_Ru_sub_OCO_short_SA-C,1,-1.02842,0.0949,0.0678,137.42,1.9,7.726,1.228,1.1989,0,0.3191,1.1989,2.529,2.2,7.361,1.05,1.4756,0,0.6473,0.6473,2.05,7.5435,1.139,1.925,7.6956,1.2132,5.0,5.7778,2
Cu_211_Co_sub_OCO_bridge2-s_SA-C,1,-0.25914,0.0967,0.0682,136.86,1.9,7.726,1.228,1.1989,0,0.3191,1.1989,2.529,1.88,7.881,0.661,1.2915,0,0.359,0.359,1.89,7.8035,0.9445,1.8985,7.7379,1.1844,5.0,5.3889,2
Cu_211_Ir_sub_OCO_ontop-s_SA-C,1,-0.45502,0.0992,0.0437,140.02,1.9,7.726,1.228,1.1989,0,0.3191,1.1989,2.529,2.2,9.1,1.565,1.291,0,0.6938,0.6938,2.2,9.1,1.565,1.9375,7.8978,1.2701,7.0,5.5,1
Cu_211_Ir_sub_OCO_bridge2-s_SA-C,1,-0.65637,0.0807,0.0769,136.99,1.9,7.726,1.228,1.1989,0,0.3191,1.1989,2.529,2.2,9.1,1.565,1.291,0,0.6938,0.6938,2.05,8.413,1.3965,1.925,7.8405,1.2561,5.0,5.3889,2
Cu_211_Ni_subs_OCO_ontop-s_SA-C,1,-0.24338,0.0841,0.0366,143.36,1.9,7.726,1.228,1.1989,0,0.3191,1.1989,2.529,1.91,7.64,1.156,1.2532,0,0.3378,0.3378,1.91,7.64,1.156,1.9013,7.7153,1.219,7.0,5.5,1
Cu_211_Ni_subs_OCO_bridge2-s_SA-O,1,-0.50522,0.0759,0.0665,139.6,1.9,7.726,1.228,1.1989,0,0.3191,1.1989,2.529,1.91,7.64,1.156,1.2532,0,0.3378,0.3378,1.905,7.683,1.192,1.9008,7.7188,1.222,5.0,5.3889,2
Cu_211_Ni_subs_OCO_ontop-s_2_SA-C,1,-0.33920,0.0794,0.0794,137.24,1.9,7.726,1.228,1.1989,0,0.3191,1.1989,2.529,1.91,7.64,1.156,1.2532,0,0.3378,0.3378,1.9033,7.6973,1.204,1.9006,7.7206,1.2235,4.3333,5.3333,3
Cu_211_Os_sub_OCO_ontop-s_SA-C,1,-0.77537,0.1247,0.049,136.47,1.9,7.726,1.228,1.1989,0,0.3191,1.1989,2.529,2.2,8.7,1.1,1.3127,0,0.7191,0.7191,2.2,8.7,1.1,1.9375,7.8477,1.212,7.0,5.5,1
Cu_211_Os_sub_OCO_bridge2-s_SA-C,1,-1.07931,0.1107,0.0685,135.99,1.9,7.726,1.228,1.1989,0,0.3191,1.1989,2.529,2.2,8.7,1.1,1.3127,0,0.7191,0.7191,2.05,8.213,1.164,1.925,7.8072,1.2173,5.0,5.3889,2
Cu_211_Pd_sub_OCO_bridge2-s_SA-C,1,-0.10937,0.0698,0.0391,143.0,1.9,7.726,1.228,1.1989,0,0.3191,1.1989,2.529,2.2,8.337,0.557,1.4075,0,0.5806,0.5806,2.05,8.0315,0.8925,1.925,7.7769,1.1721,5.0,5.3889,2
Cu_211_Pt_sub_OCO_bridge2-s_SA-C,1,-0.29144,0.0945,0.044,136.62,1.9,7.726,1.228,1.1989,0,0.3191,1.1989,2.529,2.28,9.0,2.128,1.2686,0,0.6705,0.6705,2.09,8.363,1.678,1.9317,7.8322,1.303,5.0,5.3889,2
Cu_211_Pt_sub_OCO_ontop-s_SA-C,1,-0.01458,0.0505,0.0504,145.11,1.9,7.726,1.228,1.1989,0,0.3191,1.1989,2.529,2.28,9.0,2.128,1.2686,0,0.6705,0.6705,2.28,9.0,2.128,1.9475,7.8853,1.3405,7.0,5.5,1
Cu_211_Rh_sub_OCO_bridge2-s_SA-C,1,-0.54959,0.0782,0.065,139.1,1.9,7.726,1.228,1.1989,0,0.3191,1.1989,2.529,2.28,7.459,1.137,1.4462,0,0.613,0.613,2.09,7.5925,1.1825,1.9317,7.7038,1.2204,5.0,5.3889,2
Cu_211_Rh_sub_OCO_ontop-s_SA-C,1,-0.29046,0.0767,0.0376,144.51,1.9,7.726,1.228,1.1989,0,0.3191,1.1989,2.529,2.28,7.459,1.137,1.4462,0,0.613,0.613,2.28,7.459,1.137,1.9475,7.6926,1.2166,7.0,5.5,1
Cu_211_Rh_sub_OCO_ontop-s_2_SA-C,1,-0.18214,0.0647,0.0641,142.64,1.9,7.726,1.228,1.1989,0,0.3191,1.1989,2.529,2.28,7.459,1.137,1.4462,0,0.613,0.613,2.28,7.459,1.137,1.9475,7.6926,1.2166,7.0,5.5,1
Cu_211_Ru_sub_OCO_ontop-s_SA-C,1,-0.53191,0.0995,0.0635,136.37,1.9,7.726,1.228,1.1989,0,0.3191,1.1989,2.529,2.2,7.361,1.05,1.4756,0,0.6473,0.6473,2.2,7.361,1.05,1.9375,7.6804,1.2058,7.0,5.5,1
Cu_211_Ru_sub_OCO_bridge2-s_SA-C,1,-0.88951,0.0911,0.0718,137.25,1.9,7.726,1.228,1.1989,0,0.3191,1.1989,2.529,2.2,7.361,1.05,1.4756,0,0.6473,0.6473,2.05,7.5435,1.139,1.925,7.6956,1.2132,5.0,5.3889,2
Pd_111_Co_sub_OCO_bridge_SA-O,2,-0.44730,0.1027,0.037,136.49,2.2,8.337,0.557,1.4075,0,0.5806,0.5806,2.749,1.88,7.881,0.661,1.2915,0,0.359,0.359,2.04,8.109,0.609,2.1787,8.3066,0.5639,6.5,7.3333,2
Pd_111_Ir_sub_OCO_bridge_SA-C,2,-0.13248,0.1283,0.0522,129.13,2.2,8.337,0.557,1.4075,0,0.5806,0.5806,2.749,2.2,9.1,1.565,1.291,0,0.6938,0.6938,2.2,8.7185,1.061,2.2,8.3879,0.6242,6.5,7.3333,2
Pd_111_Ir_sub_OCO_bridge_SA-O,2,-0.15154,0.1249,0.0364,132.15,2.2,8.337,0.557,1.4075,0,0.5806,0.5806,2.749,2.2,9.1,1.565,1.291,0,0.6938,0.6938,2.2,8.7185,1.061,2.2,8.3879,0.6242,6.5,7.3333,2
Pd_111_Ni_sub_OCO_bridge_SA-O,2,-0.25261,0.0956,0.0378,137.54,2.2,8.337,0.557,1.4075,0,0.5806,0.5806,2.749,1.91,7.64,1.156,1.2532,0,0.3378,0.3378,2.055,7.9885,0.8565,2.1807,8.2905,0.5969,6.5,7.3333,2
Pd_111_Os_sub_OCO_bridge_SA-O,2,-0.33731,0.1421,0.0348,130.16,2.2,8.337,0.557,1.4075,0,0.5806,0.5806,2.749,2.2,8.7,1.1,1.3127,0,0.7191,0.7191,2.2,8.5185,0.8285,2.2,8.3612,0.5932,6.5,7.3333,2
Pd_111_Os_sub_OCO_bridge_SA-C,2,-0.01806,0.1243,0.0575,129.37,2.2,8.337,0.557,1.4075,0,0.5806,0.5806,2.749,2.2,8.7,1.1,1.3127,0,0.7191,0.7191,2.2,8.5185,0.8285,2.2,8.3612,0.5932,6.5,7.3333,2
Pd_111_Pt_sub_OCO_bridge_SA-C,2,-0.06159,0.1142,0.043,132.37,2.2,8.337,0.557,1.4075,0,0.5806,0.5806,2.749,2.28,9.0,2.128,1.2686,0,0.6705,0.6705,2.24,8.6685,1.3425,2.2053,8.3812,0.6617,6.5,7.3333,2
Pd_111_Rh_sub_OCO_bridge_SA-O,2,-0.31108,0.1075,0.0382,134.69,2.2,8.337,0.557,1.4075,0,0.5806,0.5806,2.749,2.28,7.459,1.137,1.4462,0,0.613,0.613,2.24,7.898,0.847,2.2053,8.2785,0.5957,6.5,7.3333,2
Pd_111_Rh_sub_OCO_bridge_SA-C,2,-0.11707,0.1081,0.0518,133.42,2.2,8.337,0.557,1.4075,0,0.5806,0.5806,2.749,2.28,7.459,1.137,1.4462,0,0.613,0.613,2.24,7.898,0.847,2.2053,8.2785,0.5957,6.5,7.3333,2
Pd_111_Ru_sub_OCO_bridge_SA-O,2,-0.40234,0.1173,0.0371,133.52,2.2,8.337,0.557,1.4075,0,0.5806,0.5806,2.749,2.2,7.361,1.05,1.4756,0,0.6473,0.6473,2.2,7.849,0.8035,2.2,8.2719,0.5899,6.5,7.3333,2
Pd_111_Ru_sub_OCO_bridge_SA-C,2,-0.22805,0.0807,0.0639,139.49,2.2,8.337,0.557,1.4075,0,0.5806,0.5806,2.749,2.2,7.361,1.05,1.4756,0,0.6473,0.6473,2.2,7.849,0.8035,2.2,8.2719,0.5899,6.5,7.3333,2
Pd_100_Co_sub_OCO_bridge_SA-O,2,-0.46855,0.1071,0.0402,135.24,2.2,8.337,0.557,1.4075,0,0.5806,0.5806,2.749,1.88,7.881,0.661,1.2915,0,0.359,0.359,2.04,8.109,0.609,2.1812,8.3102,0.5631,6.0,6.6667,2
Pd_100_Cu_sub_OCO_bridge_SA-O,2,-0.26287,0.0882,0.0412,138.59,2.2,8.337,0.557,1.4075,0,0.5806,0.5806,2.749,1.9,7.726,1.228,1.1989,0,0.3191,1.1989,2.05,8.0315,0.8925,2.1786,8.2934,0.6049,6.0,6.6667,2
Pd_100_Ga_sub_OCO_bridge_SA-O,2,-0.08218,0.1192,0.0397,133.01,2.2,8.337,0.557,1.4075,0,0.5806,0.5806,2.749,1.81,5.999,0.3,1.0034,1.3398,0.2824,1.3398,2.005,7.168,0.4285,2.1721,8.17,0.5386,6.0,6.6667,2
Pd_100_Ir_sub_OCO_bridge_SA-O,2,-0.22777,0.1291,0.0391,131.16,2.2,8.337,0.557,1.4075,0,0.5806,0.5806,2.749,2.2,9.1,1.565,1.291,0,0.6938,0.6938,2.2,8.7185,1.061,2.2,8.3915,0.629,6.0,6.6667,2
Pd_100_Ir_sub_OCO_ontop_SA-C,2,-0.39277,0.0921,0.092,131.04,2.2,8.337,0.557,1.4075,0,0.5806,0.5806,2.749,2.2,9.1,1.565,1.291,0,0.6938,0.6938,2.2,8.5913,0.893,2.2,8.3772,0.6101,5.3333,6.6667,3
Pd_100_Ni_sub_OCO_bridge_SA-O,2,-0.82757,0.098,0.0419,136.5,2.2,8.337,0.557,1.4075,0,0.5806,0.5806,2.749,1.91,7.64,1.156,1.2532,0,0.3378,0.3378,2.055,7.9885,0.8565,2.1807,8.2905,0.5969,6.0,6.6667,2
Pd_100_Os_sub_OCO_bridge_SA-O,2,-0.45458,0.1525,0.0365,128.55,2.2,8.337,0.557,1.4075,0,0.5806,0.5806,2.749,2.2,8.7,1.1,1.3127,0,0.7191,0.7191,2.2,8.5185,0.8285,2.2,8.3629,0.5958,6.0,6.6667,2
Pd_100_Os_sub_OCO_ontop_SA-C,2,-0.49686,0.0961,0.0961,129.45,2.2,8.337,0.557,1.4075,0,0.5806,0.5806,2.749,2.2,8.7,1.1,1.3127,0,0.7191,0.7191,2.2,8.458,0.738,2.2,8.3561,0.5856,5.3333,6.6667,3
Pd_100_Pt_sub_OCO_ontop_SA-C,2,-0.05448,0.0651,0.0651,139.46,2.2,8.337,0.557,1.4075,0,0.5806,0.5806,2.749,2.28,9.0,2.128,1.2686,0,0.6705,0.6705,2.2267,8.558,1.0807,2.2042,8.3719,0.6397,5.3333,6.6667,3
Pd_100_Pt_sub_OCO_bridge_SA-C,2,-0.28997,0.1114,0.0466,132.29,2.2,8.337,0.557,1.4075,0,0.5806,0.5806,2.749,2.28,9.0,2.128,1.2686,0,0.6705,0.6705,2.24,8.6685,1.3425,2.2057,8.3844,0.6692,6.0,6.6667,2
Pd_100_Rh_sub_OCO_bridge_SA-O,2,-0.46324,0.107,0.0415,134.49,2.2,8.337,0.557,1.4075,0,0.5806,0.5806,2.749,2.28,7.459,1.137,1.4462,0,0.613,0.613,2.24,7.898,0.847,2.2057,8.2743,0.5984,6.0,6.6667,2
Pd_100_Rh_sub_OCO_ontop_SA_C,2,-0.24233,0.0845,0.0845,134.34,2.2,8.337,0.557,1.4075,0,0.5806,0.5806,2.749,2.28,7.459,1.137,1.4462,0,0.613,0.613,2.2267,8.0443,0.7503,2.2042,8.2908,0.5875,5.3333,6.6667,3
Pd_100_Rh_sub_OCO_bridge_SA-C,2,-0.33781,0.1092,0.0531,133.13,2.2,8.337,0.557,1.4075,0,0.5806,0.5806,2.749,2.28,7.459,1.137,1.4462,0,0.613,0.613,2.24,7.898,0.847,2.2057,8.2743,0.5984,6.0,6.6667,2
Pd_100_Ru_sub_OCO_bridge_SA-O,2,-0.58403,0.1245,0.0395,132.03,2.2,8.337,0.557,1.4075,0,0.5806,0.5806,2.749,2.2,7.361,1.05,1.4756,0,0.6473,0.6473,2.2,7.849,0.8035,2.2,8.2673,0.5922,6.0,6.6667,2
Pd_100_Ru_sub_OCO_ontop_SA-C,2,-0.39063,0.0929,0.0926,131.24,2.2,8.337,0.557,1.4075,0,0.5806,0.5806,2.749,2.2,7.361,1.05,1.4756,0,0.6473,0.6473,2.2,8.0117,0.7213,2.2,8.2856,0.5829,5.3333,6.6667,3
Pd_100_Ru_sub_OCO_bridge_SA-C,2,-0.28894,0.0889,0.0687,138.29,2.2,8.337,0.557,1.4075,0,0.5806,0.5806,2.749,2.2,7.361,1.05,1.4756,0,0.6473,0.6473,2.2,7.849,0.8035,2.2,8.2673,0.5922,6.0,6.6667,2
Pd_100_Zn_sub_OCO_bridge_SA-O,2,-0.21687,0.0932,0.0411,137.6,2.2,8.337,0.557,1.4075,0,0.5806,0.5806,2.749,1.65,9.394,0.0,1.105,0,0.2998,1.105,1.925,8.8655,0.2785,2.1607,8.4125,0.5172,6.0,6.6667,2
Pd_100_OCO_hollow,2,-0.06255,0.1538,0.057,128.33,2.2,8.337,0.557,1.4075,0,0.5806,0.5806,2.749,2.2,8.337,0.557,1.4075,0,0.5806,0.5806,2.2,8.337,0.557,2.2,8.337,0.557,4.25,6.6154,4
Pd_100_OCO_bridge,2,-0.17489,0.0847,0.0419,138.78,2.2,8.337,0.557,1.4075,0,0.5806,0.5806,2.749,2.2,8.337,0.557,1.4075,0,0.5806,0.5806,2.2,8.337,0.557,2.2,8.337,0.557,6.0,6.6667,2
Pd_110_Co_sub_OCO_long_SA-O,2,-0.76289,0.1056,0.0491,132.76,2.2,8.337,0.557,1.4075,0,0.5806,0.5806,2.749,1.88,7.881,0.661,1.2915,0,0.359,0.359,2.04,8.109,0.609,2.18,8.3085,0.5635,6.0,5.9,2
Pd_110_Co_sub_OCO_hollow_SA-O,2,-0.25710,0.1268,0.1091,123.14,2.2,8.337,0.557,1.4075,0,0.5806,0.5806,2.749,1.88,7.881,0.661,1.2915,0,0.359,0.359,2.12,8.223,0.583,2.1855,8.3163,0.5617,4.0,6.1111,4
Pd_110_Co_sub_OCO_short_SA-O,2,-0.38599,0.1015,0.0409,136.39,2.2,8.337,0.557,1.4075,0,0.5806,0.5806,2.749,1.88,7.881,0.661,1.2915,0,0.359,0.359,2.04,8.109,0.609,2.1771,8.3044,0.5644,5.0,5.7778,2
Pd_110_Cu_sub_OCO_long_SA-O,2,-0.20638,0.0791,0.0526,137.35,2.2,8.337,0.557,1.4075,0,0.5806,0.5806,2.749,1.9,7.726,1.228,1.1989,0,0.3191,1.1989,2.05,8.0315,0.8925,2.1786,8.2934,0.6049,6.0,5.9,2
Pd_110_Cu_sub_OCO_hollow_SA-O,2,-0.25935,0.1173,0.1154,123.12,2.2,8.337,0.557,1.4075,0,0.5806,0.5806,2.749,1.9,7.726,1.228,1.1989,0,0.3191,1.1989,2.125,8.1842,0.7248,2.185,8.3064,0.5906,4.0,6.1111,4
Pd_110_Cu_sub_OCO_short_SA-O,2,-0.35200,0.0843,0.0425,139.48,2.2,8.337,0.557,1.4075,0,0.5806,0.5806,2.749,1.9,7.726,1.228,1.1989,0,0.3191,1.1989,2.05,8.0315,0.8925,2.175,8.2861,0.6129,5.0,5.7778,2
Pd_110_Ga_sub_OCO_hollow_SA-O,2,-0.14171,0.1501,0.1077,121.04,2.2,8.337,0.557,1.4075,0,0.5806,0.5806,2.749,1.81,5.999,0.3,1.0034,1.3398,0.2824,1.3398,2.1025,7.7525,0.4928,2.1805,8.2201,0.5442,4.0,6.1111,4
Pd_110_Ga_sub_OCO_long_SA-O,2,-0.05761,0.103,0.0505,132.96,2.2,8.337,0.557,1.4075,0,0.5806,0.5806,2.749,1.81,5.999,0.3,1.0034,1.3398,0.2824,1.3398,2.005,7.168,0.4285,2.1721,8.17,0.5386,6.0,5.9,2
Pd_110_Ga_sub_OCO_short_SA-O,2,-0.27526,0.118,0.0397,133.44,2.2,8.337,0.557,1.4075,0,0.5806,0.5806,2.749,1.81,5.999,0.3,1.0034,1.3398,0.2824,1.3398,2.005,7.168,0.4285,2.1675,8.1422,0.5356,5.0,5.7778,2
Pd_110_Ir_sub_OCO_long_SA-O,2,-0.47365,0.1249,0.0497,128.48,2.2,8.337,0.557,1.4075,0,0.5806,0.5806,2.749,2.2,9.1,1.565,1.291,0,0.6938,0.6938,2.2,8.7185,1.061,2.2,8.3915,0.629,6.0,5.9,2
Pd_110_Ir_sub_OCO_long_SA-C,2,-0.72778,0.0931,0.077,133.59,2.2,8.337,0.557,1.4075,0,0.5806,0.5806,2.749,2.2,9.1,1.565,1.291,0,0.6938,0.6938,2.2,8.7185,1.061,2.2,8.3915,0.629,6.0,5.9,2
Pd_110_Ir_sub_OCO_hollow_SA-O,2,-0.40907,0.1529,0.1101,120.37,2.2,8.337,0.557,1.4075,0,0.5806,0.5806,2.749,2.2,9.1,1.565,1.291,0,0.6938,0.6938,2.2,8.5277,0.809,2.2,8.3751,0.6074,4.0,6.1111,4
Pd_110_Ir_sub_OCO_ontop_SA-C,2,-0.29553,0.0985,0.0985,129.85,2.2,8.337,0.557,1.4075,0,0.5806,0.5806,2.749,2.2,9.1,1.565,1.291,0,0.6938,0.6938,2.2,8.5913,0.893,2.2,8.3847,0.62,4.3333,5.75,3
Pd_110_Ir_sub_OCO_short_SA-C,2,-0.56885,0.084,0.0707,137.18,2.2,8.337,0.557,1.4075,0,0.5806,0.5806,2.749,2.2,9.1,1.565,1.291,0,0.6938,0.6938,2.2,8.7185,1.061,2.2,8.4006,0.641,5.0,5.7778,2
Pd_110_Ni_sub_OCO_hollow_SA-O,2,-0.45935,0.1225,0.1074,123.82,2.2,8.337,0.557,1.4075,0,0.5806,0.5806,2.749,1.91,7.64,1.156,1.2532,0,0.3378,0.3378,2.1275,8.1627,0.7067,2.1855,8.3021,0.587,4.0,6.1111,4
Pd_110_Ni_sub_OCO_long_SA-O,2,-0.48291,0.0953,0.0505,134.35,2.2,8.337,0.557,1.4075,0,0.5806,0.5806,2.749,1.91,7.64,1.156,1.2532,0,0.3378,0.3378,2.055,7.9885,0.8565,2.1793,8.2872,0.5998,6.0,5.9,2
Pd_110_Ni_sub_OCO_short_SA-O,2,-0.63206,0.0935,0.0421,137.58,2.2,8.337,0.557,1.4075,0,0.5806,0.5806,2.749,1.91,7.64,1.156,1.2532,0,0.3378,0.3378,2.055,7.9885,0.8565,2.1758,8.2789,0.6069,5.0,5.7778,2
Pd_110_Os_sub_OCO_long_SA-C,2,-0.69603,0.1051,0.0757,133.07,2.2,8.337,0.557,1.4075,0,0.5806,0.5806,2.749,2.2,8.7,1.1,1.3127,0,0.7191,0.7191,2.2,8.5185,0.8285,2.2,8.3629,0.5958,6.0,5.9,2
Pd_110_Os_sub_OCO_ontop_SA-C,2,-0.24144,0.1003,0.1002,128.53,2.2,8.337,0.557,1.4075,0,0.5806,0.5806,2.749,2.2,8.7,1.1,1.3127,0,0.7191,0.7191,2.2,8.458,0.738,2.2,8.3597,0.5909,4.3333,5.75,3
Pd_110_Os_sub_OCO_short_SA-O,2,-0.63925,0.1676,0.0357,127.3,2.2,8.337,0.557,1.4075,0,0.5806,0.5806,2.749,2.2,8.7,1.1,1.3127,0,0.7191,0.7191,2.2,8.5185,0.8285,2.2,8.3673,0.6023,5.0,5.7778,2
Pd_110_Pt_sub_OCO_long_SA-C,2,-0.38357,0.1079,0.0575,129.85,2.2,8.337,0.557,1.4075,0,0.5806,0.5806,2.749,2.28,9.0,2.128,1.2686,0,0.6705,0.6705,2.24,8.6685,1.3425,2.2057,8.3844,0.6692,6.0,5.9,2
Pd_110_Pt_sub_OCO_ontop_SA-C,2,-0.14134,0.069,0.069,138.46,2.2,8.337,0.557,1.4075,0,0.5806,0.5806,2.749,2.28,9.0,2.128,1.2686,0,0.6705,0.6705,2.28,9.0,2.128,2.21,8.4199,0.7534,7.0,5.8333,1
Pd_110_Rh_sub_OCO_long_SA-O,2,-0.55400,0.1043,0.0515,131.96,2.2,8.337,0.557,1.4075,0,0.5806,0.5806,2.749,2.28,7.459,1.137,1.4462,0,0.613,0.613,2.24,7.898,0.847,2.2057,8.2743,0.5984,6.0,5.9,2
Pd_110_Rh_sub_OCO_long_SA-C,2,-0.60412,0.0825,0.0726,135.43,2.2,8.337,0.557,1.4075,0,0.5806,0.5806,2.749,2.28,7.459,1.137,1.4462,0,0.613,0.613,2.24,7.898,0.847,2.2057,8.2743,0.5984,6.0,5.9,2
Pd_110_Rh_sub_OCO_hollow_SA-O,2,-0.44775,0.1318,0.1076,122.29,2.2,8.337,0.557,1.4075,0,0.5806,0.5806,2.749,2.28,7.459,1.137,1.4462,0,0.613,0.613,2.22,8.1175,0.702,2.204,8.2931,0.586,4.0,6.1111,4
Pd_110_Rh_sub_OCO_ontop_SA-C,2,-0.07745,0.0848,0.0847,134.9,2.2,8.337,0.557,1.4075,0,0.5806,0.5806,2.749,2.28,7.459,1.137,1.4462,0,0.613,0.613,2.2267,8.0443,0.7503,2.205,8.2821,0.5933,4.3333,5.75,3
Pd_110_Rh_sub_OCO_short_SA-O,2,-0.63832,0.1047,0.0424,135.22,2.2,8.337,0.557,1.4075,0,0.5806,0.5806,2.749,2.28,7.459,1.137,1.4462,0,0.613,0.613,2.24,7.898,0.847,2.2067,8.2638,0.6053,5.0,5.7778,2
Pd_110_Rh_sub_OCO_short_SA-C,2,-0.48339,0.0711,0.0649,140.12,2.2,8.337,0.557,1.4075,0,0.5806,0.5806,2.749,2.28,7.459,1.137,1.4462,0,0.613,0.613,2.24,7.898,0.847,2.2067,8.2638,0.6053,5.0,5.7778,2
Pd_110_Ru_sub_OCO_short_SA-O,2,-0.72659,0.1261,0.0406,131.97,2.2,8.337,0.557,1.4075,0,0.5806,0.5806,2.749,2.2,7.361,1.05,1.4756,0,0.6473,0.6473,2.2,7.849,0.8035,2.2,8.2557,0.5981,5.0,5.7778,2
Pd_110_Ru_sub_OCO_long_SA-C,2,-0.75530,0.0908,0.0776,134.05,2.2,8.337,0.557,1.4075,0,0.5806,0.5806,2.749,2.2,7.361,1.05,1.4756,0,0.6473,0.6473,2.2,7.849,0.8035,2.2,8.2673,0.5922,6.0,5.9,2
Pd_110_Ru_sub_OCO_long_SA-O,2,-0.63575,0.1174,0.0498,130.04,2.2,8.337,0.557,1.4075,0,0.5806,0.5806,2.749,2.2,7.361,1.05,1.4756,0,0.6473,0.6473,2.2,7.849,0.8035,2.2,8.2673,0.5922,6.0,5.9,2
Pd_110_Ru_sub_OCO_hollow_SA-O,2,-0.67484,0.1456,0.1055,121.76,2.2,8.337,0.557,1.4075,0,0.5806,0.5806,2.749,2.2,7.361,1.05,1.4756,0,0.6473,0.6473,2.2,8.093,0.6803,2.2,8.2882,0.5817,4.0,6.1111,4
Pd_110_Ru_sub_OCO_short_SA-C,2,-0.76672,0.0843,0.0691,137.87,2.2,8.337,0.557,1.4075,0,0.5806,0.5806,2.749,2.2,7.361,1.05,1.4756,0,0.6473,0.6473,2.2,7.849,0.8035,2.2,8.2557,0.5981,5.0,5.7778,2
Pd_110_Zn_sub_OCO_hollow_SA-O,2,-0.21219,0.1243,0.1125,122.41,2.2,8.337,0.557,1.4075,0,0.5806,0.5806,2.749,1.65,9.394,0.0,1.105,0,0.2998,1.105,2.0625,8.6013,0.4178,2.1725,8.3898,0.5292,4.0,6.1111,4
Pd_110_Zn_sub_OCO_long_SA-O,2,-0.17781,0.0823,0.0519,136.84,2.2,8.337,0.557,1.4075,0,0.5806,0.5806,2.749,1.65,9.394,0.0,1.105,0,0.2998,1.105,1.925,8.8655,0.2785,2.1607,8.4125,0.5172,6.0,5.9,2
Pd_110_Zn_sub_OCO_short_SA-O,2,-0.33541,0.0923,0.0417,137.93,2.2,8.337,0.557,1.4075,0,0.5806,0.5806,2.749,1.65,9.394,0.0,1.105,0,0.2998,1.105,1.925,8.8655,0.2785,2.1542,8.4251,0.5106,5.0,5.7778,2
Pd_110_OCO_long,2,-0.25271,0.0856,0.0534,135.3,2.2,8.337,0.557,1.4075,0,0.5806,0.5806,2.749,2.2,8.337,0.557,1.4075,0,0.5806,0.5806,2.2,8.337,0.557,2.2,8.337,0.557,6.0,5.9,2
Pd_110_OCO_ontop,2,-0.07473,0.0464,0.0463,147.52,2.2,8.337,0.557,1.4075,0,0.5806,0.5806,2.749,2.2,8.337,0.557,1.4075,0,0.5806,0.5806,2.2,8.337,0.557,2.2,8.337,0.557,7.0,5.8333,1
Pd_110_OCO_short,2,-0.32924,0.0919,0.0438,137.35,2.2,8.337,0.557,1.4075,0,0.5806,0.5806,2.749,2.2,8.337,0.557,1.4075,0,0.5806,0.5806,2.2,8.337,0.557,2.2,8.337,0.557,5.0,5.7778,2
Pd_211_Cu_sub_OCO_bridge2-s_SA-O,2,-0.39158,0.0841,0.0437,139.25,2.2,8.337,0.557,1.4075,0,0.5806,0.5806,2.749,1.9,7.726,1.228,1.1989,0,0.3191,1.1989,2.05,8.0315,0.8925,2.175,8.2861,0.6129,5.0,5.3889,2
Pd_211_Cu_sub_OCO_fcc-s_SA-O,2,-0.00654,0.1196,0.0521,132.95,2.2,8.337,0.557,1.4075,0,0.5806,0.5806,2.749,1.9,7.726,1.228,1.1989,0,0.3191,1.1989,2.1,8.1333,0.7807,2.1812,8.2988,0.5989,4.3333,6.0,3
Pd_211_Cu_sub_OCO_bridge3-s_SA-O,2,-0.17430,0.1036,0.039,136.25,2.2,8.337,0.557,1.4075,0,0.5806,0.5806,2.749,1.9,7.726,1.228,1.1989,0,0.3191,1.1989,2.05,8.0315,0.8925,2.1769,8.29,0.6086,5.5,6.1111,2
Pd_211_Cu_sub_OCO_bridge1-s_hcp-t_SA-O,2,-0.16507,0.0951,0.0721,129.51,2.2,8.337,0.557,1.4075,0,0.5806,0.5806,2.749,1.9,7.726,1.228,1.1989,0,0.3191,1.1989,2.125,8.1842,0.7248,2.1875,8.3115,0.585,5.0,7.1071,4
Pd_211_Ga_subs_OCO_bridge2-s_SA-O,2,-0.22732,0.1143,0.0416,133.73,2.2,8.337,0.557,1.4075,0,0.5806,0.5806,2.749,1.81,5.999,0.3,1.0034,1.3398,0.2824,1.3398,2.005,7.168,0.4285,2.1675,8.1422,0.5356,5.0,5.3889,2
Pd_211_Ir_subs_OCO_bridge3-s_SA-O,2,-0.30924,0.1381,0.0366,130.71,2.2,8.337,0.557,1.4075,0,0.5806,0.5806,2.749,2.2,9.1,1.565,1.291,0,0.6938,0.6938,2.2,8.7185,1.061,2.2,8.3957,0.6345,5.5,6.1111,2
Pd_211_Ir_subs_OCO_ontop-s_SA-C,2,-0.42517,0.1074,0.0321,141.23,2.2,8.337,0.557,1.4075,0,0.5806,0.5806,2.749,2.2,9.1,1.565,1.291,0,0.6938,0.6938,2.2,9.1,1.565,2.2,8.4324,0.683,7.0,5.5,1
Pd_211_Ir_subs_OCO_ontop-s_2_SA-C,2,-0.68236,0.0964,0.0962,130.17,2.2,8.337,0.557,1.4075,0,0.5806,0.5806,2.749,2.2,9.1,1.565,1.291,0,0.6938,0.6938,2.2,8.5913,0.893,2.2,8.3847,0.62,4.3333,5.3333,3
Pd_211_Ir_subs_OCO_bridge2-s_SA-O,2,-0.44475,0.1169,0.0406,133.33,2.2,8.337,0.557,1.4075,0,0.5806,0.5806,2.749,2.2,9.1,1.565,1.291,0,0.6938,0.6938,2.2,8.7185,1.061,2.2,8.4006,0.641,5.0,5.3889,2
Pd_211_Ni_subs_OCO_bridge3-s_SA-O,2,-0.40283,0.1115,0.03848,134.85,2.2,8.337,0.557,1.4075,0,0.5806,0.5806,2.749,1.91,7.64,1.156,1.2532,0,0.3378,0.3378,2.055,7.9885,0.8565,2.1793,8.2872,0.5998,5.5,6.1111,2
Pd_211_Ni_subs_OCO_bridge2-s_SA-O,2,-0.68344,0.0908,0.04447,137.8,2.2,8.337,0.557,1.4075,0,0.5806,0.5806,2.749,1.91,7.64,1.156,1.2532,0,0.3378,0.3378,2.055,7.9885,0.8565,2.1777,8.2834,0.6031,5.0,5.3889,2
Pd_211_Os_subs_OCO_fcc-s_SA-O,2,-0.29152,0.1845,0.0437,126.85,2.2,8.337,0.557,1.4075,0,0.5806,0.5806,2.749,2.2,8.7,1.1,1.3127,0,0.7191,0.7191,2.2,8.458,0.738,2.2,8.3597,0.5909,4.3333,6.0,3
Pd_211_Os_subs_OCO_bridge3-s_SA-O,2,-0.46817,0.1604,0.0344,128.45,2.2,8.337,0.557,1.4075,0,0.5806,0.5806,2.749,2.2,8.7,1.1,1.3127,0,0.7191,0.7191,2.2,8.5185,0.8285,2.2,8.3649,0.5988,5.5,6.1111,2
Pd_211_Os_subs_OCO_ontop-s_SA-C,2,-0.75387,0.1321,0.0338,138.02,2.2,8.337,0.557,1.4075,0,0.5806,0.5806,2.749,2.2,8.7,1.1,1.3127,0,0.7191,0.7191,2.2,8.7,1.1,2.2,8.3824,0.6249,7.0,5.5,1
Pd_211_Os_subs_OCO_bridge1-s_SA-O,2,-0.51400,0.1636,0.0482,124.03,2.2,8.337,0.557,1.4075,0,0.5806,0.5806,2.749,2.2,8.7,1.1,1.3127,0,0.7191,0.7191,2.2,8.5185,0.8285,2.2,8.3612,0.5932,6.5,7.2222,2
Pd_211_Os_subs_OCO_bridge2-s_SA-O,2,-0.71432,0.1553,0.0372,128.57,2.2,8.337,0.557,1.4075,0,0.5806,0.5806,2.749,2.2,8.7,1.1,1.3127,0,0.7191,0.7191,2.2,8.5185,0.8285,2.2,8.3673,0.6023,5.0,5.3889,2
Pd_211_Os_subs_OCO_ontop-s_2_SA-C,2,-0.74934,0.0988,0.0988,129.01,2.2,8.337,0.557,1.4075,0,0.5806,0.5806,2.749,2.2,8.7,1.1,1.3127,0,0.7191,0.7191,2.2,8.458,0.738,2.2,8.3597,0.5909,4.3333,5.3333,3
Pd_211_Pt_subs_OCO_bridge3-s_SA-C,2,-0.09041,0.1122,0.0469,132.97,2.2,8.337,0.557,1.4075,0,0.5806,0.5806,2.749,2.28,9.0,2.128,1.2686,0,0.6705,0.6705,2.24,8.6685,1.3425,2.2062,8.388,0.6778,5.5,6.1111,2
Pd_211_Pt_subs_OCO_bridge3-s_SA-O,2,-0.03370,0.119,0.0389,132.95,2.2,8.337,0.557,1.4075,0,0.5806,0.5806,2.749,2.28,9.0,2.128,1.2686,0,0.6705,0.6705,2.24,8.6685,1.3425,2.2062,8.388,0.6778,5.5,6.1111,2
Pd_211_Pt_subs_OCO_bridge2-s_SA-O,2,-0.21061,0.1016,0.0424,135.59,2.2,8.337,0.557,1.4075,0,0.5806,0.5806,2.749,2.28,9.0,2.128,1.2686,0,0.6705,0.6705,2.24,8.6685,1.3425,2.2067,8.3923,0.6879,5.0,5.3889,2
Pd_211_Pt_subs_OCO_ontop-s_SA-C,2,-0.24725,0.0746,0.0745,136.96,2.2,8.337,0.557,1.4075,0,0.5806,0.5806,2.749,2.28,9.0,2.128,1.2686,0,0.6705,0.6705,2.2267,8.558,1.0807,2.205,8.3784,0.6552,4.3333,5.3333,3
Pd_211_Pt_subs_OCO_bridge2-s_SA-C,2,-0.43528,0.1079,0.0487,133.08,2.2,8.337,0.557,1.4075,0,0.5806,0.5806,2.749,2.28,9.0,2.128,1.2686,0,0.6705,0.6705,2.24,8.6685,1.3425,2.2067,8.3923,0.6879,5.0,5.3889,2
Pd_211_Rh_subs_OCO_ontop-s_SA-C,2,-0.32813,0.0822,0.029,145.67,2.2,8.337,0.557,1.4075,0,0.5806,0.5806,2.749,2.28,7.459,1.137,1.4462,0,0.613,0.613,2.28,7.459,1.137,2.21,8.2273,0.6295,7.0,5.5,1
Pd_211_Rh_subs_OCO_bridge3-s_SA-O,2,-0.43297,0.1171,0.0391,133.36,2.2,8.337,0.557,1.4075,0,0.5806,0.5806,2.749,2.28,7.459,1.137,1.4462,0,0.613,0.613,2.24,7.898,0.847,2.2062,8.2695,0.6016,5.5,6.1111,2
Pd_211_Rh_subs_OCO_ontop-s_2_SA-C,2,-0.42870,0.0881,0.0881,133.33,2.2,8.337,0.557,1.4075,0,0.5806,0.5806,2.749,2.28,7.459,1.137,1.4462,0,0.613,0.613,2.2267,8.0443,0.7503,2.205,8.2821,0.5933,4.3333,5.3333,3
Pd_211_Rh_subs_OCO_bridge2-s_SA-C,2,-0.55910,0.0753,0.0689,139.02,2.2,8.337,0.557,1.4075,0,0.5806,0.5806,2.749,2.28,7.459,1.137,1.4462,0,0.613,0.613,2.24,7.898,0.847,2.2067,8.2638,0.6053,5.0,5.3889,2
Pd_211_Rh_subs_OCO_bridge2-s_SA-O,2,-0.60712,0.0991,0.0432,136.08,2.2,8.337,0.557,1.4075,0,0.5806,0.5806,2.749,2.28,7.459,1.137,1.4462,0,0.613,0.613,2.24,7.898,0.847,2.2067,8.2638,0.6053,5.0,5.3889,2
Pd_211_Ru_subs_OCO_ontop-s_SA-C,2,-0.58214,0.1037,0.0329,141.6,2.2,8.337,0.557,1.4075,0,0.5806,0.5806,2.749,2.2,7.361,1.05,1.4756,0,0.6473,0.6473,2.2,7.361,1.05,2.2,8.215,0.6186,7.0,5.5,1
Pd_211_Ru_subs_OCO_bridge3-s_SA-O,2,-0.56979,0.1342,0.0371,131.49,2.2,8.337,0.557,1.4075,0,0.5806,0.5806,2.749,2.2,7.361,1.05,1.4756,0,0.6473,0.6473,2.2,7.849,0.8035,2.2,8.2619,0.5949,5.5,6.1111,2
Pd_211_Ru_subs_OCO_ontop_s_2_SA-C,2,-0.55890,0.0964,0.0964,130.66,2.2,8.337,0.557,1.4075,0,0.5806,0.5806,2.749,2.2,7.361,1.05,1.4756,0,0.6473,0.6473,2.2,8.0117,0.7213,2.2,8.276,0.5878,4.3333,5.3333,3
Pd_211_Ru_subs_OCO_bridge2-s_SA-C,2,-0.62249,0.0835,0.0708,138.78,2.2,8.337,0.557,1.4075,0,0.5806,0.5806,2.749,2.2,7.361,1.05,1.4756,0,0.6473,0.6473,2.2,7.849,0.8035,2.2,8.2557,0.5981,5.0,5.3889,2
Pd_211_Ru_subs_OCO_bridge2-s_SA-O,2,-0.73262,0.1159,0.0411,133.65,2.2,8.337,0.557,1.4075,0,0.5806,0.5806,2.749,2.2,7.361,1.05,1.4756,0,0.6473,0.6473,2.2,7.849,0.8035,2.2,8.2557,0.5981,5.0,5.3889,2
Pd_211_Zn_sub_OCO_bridge2-s_SA-O,2,-0.33135,0.0905,0.0437,137.96,2.2,8.337,0.557,1.4075,0,0.5806,0.5806,2.749,1.65,9.394,0.0,1.105,0,0.2998,1.105,1.925,8.8655,0.2785,2.1542,8.4251,0.5106,5.0,5.3889,2
Pd_211_Zn_sub_OCO_bridge3-s_SA-O,2,-0.04249,0.1073,0.0387,135.55,2.2,8.337,0.557,1.4075,0,0.5806,0.5806,2.749,1.65,9.394,0.0,1.105,0,0.2998,1.105,1.925,8.8655,0.2785,2.1577,8.4183,0.5142,5.5,6.1111,2
Pd_211_Zn_sub_OCO_bridge1-s_hcp-t_SA-O,2,-0.11791,0.1018,0.0718,128.26,2.2,8.337,0.557,1.4075,0,0.5806,0.5806,2.749,1.65,9.394,0.0,1.105,0,0.2998,1.105,2.0625,8.6013,0.4178,2.1771,8.381,0.5338,5.0,7.1071,4
Pd_211_OCO_hcp-s,2,-0.02149,0.0964,0.0385,137.96,2.2,8.337,0.557,1.4075,0,0.5806,0.5806,2.749,2.2,8.337,0.557,1.4075,0,0.5806,0.5806,2.2,8.337,0.557,2.2,8.337,0.557,4.3333,6.0,3
Pd_211_OCO_bridge3-s,2,-0.13769,0.0953,0.0416,136.5,2.2,8.337,0.557,1.4075,0,0.5806,0.5806,2.749,2.2,8.337,0.557,1.4075,0,0.5806,0.5806,2.2,8.337,0.557,2.2,8.337,0.557,5.5,6.1111,2
Pd_211_OCO_bridge1-t,2,-0.01120,0.0935,0.043,136.42,2.2,8.337,0.557,1.4075,0,0.5806,0.5806,2.749,2.2,8.337,0.557,1.4075,0,0.5806,0.5806,2.2,8.337,0.557,2.2,8.337,0.557,6.5,7.1667,2
Pd_211_OCO_bridge2-s,2,-0.28966,0.0819,0.0441,139.41,2.2,8.337,0.557,1.4075,0,0.5806,0.5806,2.749,2.2,8.337,0.557,1.4075,0,0.5806,0.5806,2.2,8.337,0.557,2.2,8.337,0.557,5.0,5.3889,2
Pd_211_OCO_ontop-s,2,-0.09043,0.0474,0.0474,147.41,2.2,8.337,0.557,1.4075,0,0.5806,0.5806,2.749,2.2,8.337,0.557,1.4075,0,0.5806,0.5806,2.2,8.337,0.557,2.2,8.337,0.557,7.0,5.5,1
Pd_211_OCO_bridge1-s_bridge2-t,2,-0.12982,0.09,0.0887,126.31,2.2,8.337,0.557,1.4075,0,0.5806,0.5806,2.749,2.2,8.337,0.557,1.4075,0,0.5806,0.5806,2.2,8.337,0.557,2.2,8.337,0.557,7.0,6.9667,3