index,host,pair,EA_site,IP_site,PE_site,rd_saAB
1,Cu,ScTi,0.1335,6.6945,1.4500000000000000,0.5504
2,Cu,ScV,0.3565,6.6535,1.495,0.52845
3,Cu,ScCr,0.427,6.664,1.51,0.5103500000000000
4,Cu,ScMn,0.094,6.9975000000000000,1.455,0.4948
5,Cu,ScFe,0.1755,7.2315,1.5950000000000000,0.48175
6,Cu,ScCo,0.4245,7.221,1.62,0.4702
7,Cu,ScNi,0.6720000000000000,7.1005,1.635,0.459575
8,Cu,ScZn,0.094,7.9775,1.505,0.440575
9,Cu,ScGa,0.244,6.280000000000000,1.585,0.431875
10,Cu,ScGe,0.769,7.2305,1.685,0.424
11,Cu,ScY,0.2475,6.389000000000000,1.29,0.76335
12,Cu,ScZr,0.307,6.5975,1.3450000000000000,0.71345
13,Cu,ScNb,0.5405,6.66,1.48,0.67745
14,Cu,ScMo,0.4670000000000000,6.826500000000000,1.7600000000000000,0.6544000000000000
15,Cu,ScRu,0.619,6.961,1.7800000000000000,0.61435
16,Cu,ScRh,0.6625,7.01,1.82,0.5971500000000000
17,Cu,ScPd,0.3725,7.449,1.7800000000000000,0.581
18,Cu,ScAg,0.745,7.0685,1.645,0.5651000000000000
19,Cu,ScCd,0.094,7.7775,1.525,0.55035
20,Cu,ScIn,0.244,6.1735,1.57,0.5372
21,Cu,ScSn,0.694,6.952500000000000,1.66,0.52545
22,Cu,ScHf,0.094,6.693,1.33,0.7385000000000000
23,Cu,ScTa,0.255,7.2255,1.4300000000000000,0.7093
24,Cu,ScW,0.5015,7.2705,1.86,0.68605
25,Cu,ScRe,0.1690000000000000,7.220500000000000,1.63,0.66655
26,Cu,ScOs,0.644,7.6305,1.7800000000000000,0.65025
27,Cu,ScIr,0.8765,7.8305,1.7800000000000000,0.6376
28,Cu,ScPt,1.158,7.7805,1.82,0.62595
29,Cu,ScAu,1.2485000000000000,7.8935,1.95,0.6125
30,Cu,ScHg,0.094,8.499500000000000,1.6800000000000000,0.59865
31,Cu,ScTl,0.194,6.3345,1.4900000000000000,0.58595
32,Cu,TiV,0.302,6.787000000000000,1.585,0.4975000000000000
33,Cu,TiCr,0.3725,6.7975,1.6,0.4794
34,Cu,TiMn,0.0395,7.131,1.545,0.46385
35,Cu,TiFe,0.121,7.365,1.685,0.4508
36,Cu,TiCo,0.37,7.3545,1.71,0.43925
37,Cu,TiNi,0.6175000000000000,7.234,1.725,0.428625
38,Cu,TiZn,0.0395,8.111,1.595,0.409625
39,Cu,TiGa,0.1895,6.4135,1.675,0.400925
40,Cu,TiGe,0.7145,7.364000000000000,1.775,0.39305
41,Cu,TiY,0.193,6.5225,1.38,0.7324000000000000
42,Cu,TiZr,0.2525,6.731,1.435,0.6825
43,Cu,TiNb,0.486,6.7935,1.57,0.6465
44,Cu,TiMo,0.4125,6.96,1.85,0.6234500000000000
45,Cu,TiRu,0.5645,7.0945,1.87,0.5834000000000000
46,Cu,TiRh,0.608,7.1435,1.91,0.5662
47,Cu,TiPd,0.318,7.5825,1.87,0.5500500000000000
48,Cu,TiAg,0.6905,7.202,1.735,0.5341500000000000
49,Cu,TiCd,0.0395,7.911,1.615,0.5194
50,Cu,TiIn,0.1895,6.307,1.66,0.50625
51,Cu,TiSn,0.6395,7.086,1.75,0.4945
52,Cu,TiHf,0.0395,6.8265,1.42,0.7075500000000000
53,Cu,TiTa,0.2005,7.359,1.52,0.67835
54,Cu,TiW,0.4470000000000000,7.404,1.95,0.6551
55,Cu,TiRe,0.1145000000000000,7.354,1.72,0.6356000000000000
56,Cu,TiOs,0.5895,7.764000000000000,1.87,0.6193
57,Cu,TiIr,0.822,7.964,1.87,0.6066500000000000
58,Cu,TiPt,1.1035,7.914,1.91,0.595
59,Cu,TiAu,1.1940000000000000,8.027000000000000,2.04,0.58155
60,Cu,TiHg,0.0395,8.633000000000000,1.77,0.5677
61,Cu,TiTl,0.1395,6.468,1.58,0.5550000000000000
62,Cu,VCr,0.5955,6.756500000000000,1.645,0.45745
63,Cu,VMn,0.2625,7.09,1.59,0.4419000000000000
64,Cu,VFe,0.344,7.324,1.73,0.4288500000000000
65,Cu,VCo,0.593,7.3135,1.755,0.4173
66,Cu,VNi,0.8405,7.193,1.77,0.406675
67,Cu,VZn,0.2625,8.07,1.64,0.387675
68,Cu,VGa,0.4125,6.3725000000000000,1.72,0.3789750000000000
69,Cu,VGe,0.9375,7.323,1.82,0.3711
70,Cu,VY,0.416,6.4815000000000000,1.4250000000000000,0.71045
71,Cu,VZr,0.4755,6.69,1.48,0.66055
72,Cu,VNb,0.7090000000000000,6.7525,1.615,0.6245500000000000
73,Cu,VMo,0.6355,6.9190000000000000,1.895,0.6015
74,Cu,VRu,0.7875000000000000,7.0535,1.915,0.56145
75,Cu,VRh,0.831,7.1025,1.955,0.54425
76,Cu,VPd,0.541,7.5415,1.915,0.5281
77,Cu,VAg,0.9135,7.161,1.7800000000000000,0.5122
78,Cu,VCd,0.2625,7.87,1.66,0.4974500000000000
79,Cu,VIn,0.4125,6.266,1.705,0.4843000000000000
80,Cu,VSn,0.8625,7.045,1.795,0.47255
81,Cu,VHf,0.2625,6.785500000000000,1.465,0.6856
82,Cu,VTa,0.4235,7.318,1.565,0.6564
83,Cu,VW,0.6700000000000000,7.363,1.995,0.63315
84,Cu,VRe,0.3375,7.313000000000000,1.765,0.61365
85,Cu,VOs,0.8125,7.723,1.915,0.5973500000000000
86,Cu,VIr,1.045,7.923,1.915,0.5847
87,Cu,VPt,1.3265,7.873,1.955,0.57305
88,Cu,VAu,1.417,7.986000000000000,2.085,0.5596
89,Cu,VHg,0.2625,8.592,1.815,0.54575
90,Cu,VTl,0.3625,6.427,1.625,0.53305
91,Cu,CrMn,0.333,7.1005,1.605,0.4238
92,Cu,CrFe,0.4145,7.3345,1.745,0.41075
93,Cu,CrCo,0.6635,7.324,1.77,0.3992
94,Cu,CrNi,0.911,7.2035,1.785,0.388575
95,Cu,CrZn,0.333,8.0805,1.6550000000000000,0.369575
96,Cu,CrGa,0.483,6.383,1.735,0.360875
97,Cu,CrGe,1.008,7.333500000000000,1.835,0.353
98,Cu,CrY,0.4865,6.492,1.44,0.69235
99,Cu,CrZr,0.546,6.7005,1.495,0.64245
100,Cu,CrNb,0.7795000000000000,6.763,1.63,0.6064500000000000
101,Cu,CrMo,0.706,6.9295,1.91,0.5834
102,Cu,CrRu,0.8580000000000000,7.064,1.93,0.54335
103,Cu,CrRh,0.9015,7.113,1.97,0.52615
104,Cu,CrPd,0.6115,7.552,1.93,0.51
105,Cu,CrAg,0.984,7.1715,1.795,0.4941
106,Cu,CrCd,0.333,7.8805,1.6750000000000000,0.47935
107,Cu,CrIn,0.483,6.2765,1.72,0.4662
108,Cu,CrSn,0.933,7.0555,1.81,0.45445
109,Cu,CrHf,0.333,6.796,1.48,0.6675
110,Cu,CrTa,0.494,7.3285,1.58,0.6383000000000000
111,Cu,CrW,0.7405000000000000,7.3735,2.01,0.61505
112,Cu,CrRe,0.408,7.3235,1.7800000000000000,0.59555
113,Cu,CrOs,0.883,7.733500000000000,1.93,0.57925
114,Cu,CrIr,1.1155,7.9335,1.93,0.5666
115,Cu,CrPt,1.397,7.8835,1.97,0.55495
116,Cu,CrAu,1.4875,7.996500000000000,2.1,0.5415000000000000
117,Cu,CrHg,0.333,8.602500000000000,1.83,0.52765
118,Cu,CrTl,0.433,6.4375,1.64,0.51495
119,Cu,MnFe,0.0815,7.668,1.69,0.3952
120,Cu,MnCo,0.3305,7.657500000000000,1.715,0.38365
121,Cu,MnNi,0.578,7.537,1.73,0.373025
122,Cu,MnZn,0.0,8.414,1.6,0.354025
123,Cu,MnGa,0.15,6.7165,1.6800000000000000,0.345325
124,Cu,MnGe,0.675,7.667,1.7800000000000000,0.33745
125,Cu,MnY,0.1535,6.8255,1.385,0.6768000000000000
126,Cu,MnZr,0.213,7.034000000000000,1.44,0.6269
127,Cu,MnNb,0.4465,7.096500000000000,1.5750000000000000,0.5909
128,Cu,MnMo,0.373,7.263,1.855,0.56785
129,Cu,MnRu,0.525,7.3975,1.875,0.5278
130,Cu,MnRh,0.5685,7.4465,1.915,0.5106000000000000
131,Cu,MnPd,0.2785,7.8855,1.875,0.49445
132,Cu,MnAg,0.651,7.505,1.74,0.47855
133,Cu,MnCd,0.0,8.214,1.62,0.4638
134,Cu,MnIn,0.15,6.610000000000000,1.665,0.45065
135,Cu,MnSn,0.6,7.389,1.755,0.4389
136,Cu,MnHf,0.0,7.1295,1.425,0.65195
137,Cu,MnTa,0.161,7.662,1.525,0.62275
138,Cu,MnW,0.4075,7.707000000000000,1.955,0.5995000000000000
139,Cu,MnRe,0.075,7.657,1.725,0.5800000000000000
140,Cu,MnOs,0.55,8.067,1.875,0.5637
141,Cu,MnIr,0.7825,8.267,1.875,0.55105
142,Cu,MnPt,1.064,8.217,1.915,0.5394
143,Cu,MnAu,1.1545,8.33,2.045,0.52595
144,Cu,MnHg,0.0,8.936,1.775,0.5121
145,Cu,MnTl,0.1,6.771,1.585,0.4994
146,Cu,FeCo,0.412,7.891500000000000,1.855,0.3706
147,Cu,FeNi,0.6595,7.771,1.87,0.359975
148,Cu,FeZn,0.0815,8.648,1.74,0.340975
149,Cu,FeGa,0.2315000000000000,6.9505,1.82,0.332275
150,Cu,FeGe,0.7565000000000000,7.901,1.92,0.3244
151,Cu,FeY,0.235,7.0595,1.525,0.6637500000000000
152,Cu,FeZr,0.2945,7.268000000000000,1.58,0.61385
153,Cu,FeNb,0.528,7.330500000000000,1.715,0.57785
154,Cu,FeMo,0.4545,7.497,1.995,0.5548
155,Cu,FeRu,0.6065,7.6315,2.015,0.51475
156,Cu,FeRh,0.65,7.6805,2.055,0.49755
157,Cu,FePd,0.36,8.1195,2.015,0.4814
158,Cu,FeAg,0.7325,7.739,1.88,0.4655000000000000
159,Cu,FeCd,0.0815,8.448,1.76,0.45075
160,Cu,FeIn,0.2315000000000000,6.844000000000000,1.805,0.4376
161,Cu,FeSn,0.6815,7.623,1.895,0.42585
162,Cu,FeHf,0.0815,7.3635,1.565,0.6389
163,Cu,FeTa,0.2425,7.896,1.665,0.6097
164,Cu,FeW,0.489,7.941000000000000,2.095,0.5864500000000000
165,Cu,FeRe,0.1565,7.891,1.865,0.5669500000000000
166,Cu,FeOs,0.6315000000000000,8.301,2.015,0.55065
167,Cu,FeIr,0.864,8.501,2.015,0.538
168,Cu,FePt,1.1455,8.451,2.055,0.52635
169,Cu,FeAu,1.236,8.564,2.185,0.5129
170,Cu,FeHg,0.0815,9.17,1.915,0.49905
171,Cu,FeTl,0.1815,7.005,1.725,0.48635
172,Cu,CoNi,0.9085,7.7605,1.895,0.348425
173,Cu,CoZn,0.3305,8.6375,1.765,0.3294250000000000
174,Cu,CoGa,0.4805,6.94,1.845,0.320725
175,Cu,CoGe,1.0055,7.8905,1.945,0.3128500000000000
176,Cu,CoY,0.484,7.049,1.5500000000000000,0.6522
177,Cu,CoZr,0.5435,7.2575,1.605,0.6023000000000000
178,Cu,CoNb,0.777,7.32,1.74,0.5663
179,Cu,CoMo,0.7035,7.486500000000000,2.02,0.54325
180,Cu,CoRu,0.8555,7.621,2.04,0.5032
181,Cu,CoRh,0.899,7.67,2.08,0.486
182,Cu,CoPd,0.609,8.109,2.04,0.46985
183,Cu,CoAg,0.9815,7.7285,1.905,0.4539500000000000
184,Cu,CoCd,0.3305,8.4375,1.785,0.4392
185,Cu,CoIn,0.4805,6.8335,1.83,0.42605
186,Cu,CoSn,0.9305,7.612500000000000,1.92,0.4143
187,Cu,CoHf,0.3305,7.353,1.59,0.62735
188,Cu,CoTa,0.4915,7.8855,1.69,0.59815
189,Cu,CoW,0.738,7.9305,2.12,0.5749
190,Cu,CoRe,0.4055,7.8805,1.89,0.5554
191,Cu,CoOs,0.8805000000000000,8.2905,2.04,0.5391000000000000
192,Cu,CoIr,1.113,8.4905,2.04,0.52645
193,Cu,CoPt,1.3945,8.4405,2.08,0.5148000000000000
194,Cu,CoAu,1.485,8.5535,2.21,0.50135
195,Cu,CoHg,0.3305,9.1595,1.94,0.4875
196,Cu,CoTl,0.4305,6.9945,1.75,0.4748
197,Cu,NiZn,0.578,8.517,1.7800000000000000,0.3188
198,Cu,NiGa,0.728,6.8195,1.86,0.3101
199,Cu,NiGe,1.253,7.77,1.96,0.3022250000000000
200,Cu,NiY,0.7315000000000000,6.9285,1.565,0.641575
201,Cu,NiZr,0.7910000000000000,7.1370000000000000,1.62,0.591675
202,Cu,NiNb,1.0245,7.1995000000000000,1.755,0.5556750000000000
203,Cu,NiMo,0.951,7.366,2.035,0.532625
204,Cu,NiRu,1.103,7.5005,2.055,0.492575
205,Cu,NiRh,1.1465,7.5495,2.095,0.475375
206,Cu,NiPd,0.8565,7.9885,2.055,0.459225
207,Cu,NiAg,1.229,7.608,1.92,0.4433250000000000
208,Cu,NiCd,0.578,8.317,1.8000000000000000,0.428575
209,Cu,NiIn,0.728,6.713000000000000,1.845,0.415425
210,Cu,NiSn,1.178,7.492,1.935,0.403675
211,Cu,NiHf,0.578,7.2325,1.605,0.616725
212,Cu,NiTa,0.739,7.765,1.705,0.5875250000000000
213,Cu,NiW,0.9855,7.81,2.135,0.564275
214,Cu,NiRe,0.6530000000000000,7.76,1.905,0.544775
215,Cu,NiOs,1.128,8.17,2.055,0.528475
216,Cu,NiIr,1.3605,8.37,2.055,0.515825
217,Cu,NiPt,1.642,8.32,2.095,0.504175
218,Cu,NiAu,1.7325,8.433,2.225,0.490725
219,Cu,NiHg,0.578,9.039,1.955,0.476875
220,Cu,NiTl,0.6780000000000000,6.874,1.765,0.464175
221,Cu,ZnGa,0.15,7.6965,1.73,0.2911
222,Cu,ZnGe,0.675,8.647,1.83,0.283225
223,Cu,ZnY,0.1535,7.8055,1.435,0.622575
224,Cu,ZnZr,0.213,8.014,1.49,0.572675
225,Cu,ZnNb,0.4465,8.0765,1.625,0.536675
226,Cu,ZnMo,0.373,8.243,1.905,0.513625
227,Cu,ZnRu,0.525,8.3775,1.925,0.4735750000000000
228,Cu,ZnRh,0.5685,8.4265,1.965,0.456375
229,Cu,ZnPd,0.2785,8.8655,1.925,0.440225
230,Cu,ZnAg,0.651,8.485,1.79,0.4243250000000000
231,Cu,ZnCd,0.0,9.194,1.67,0.409575
232,Cu,ZnIn,0.15,7.59,1.715,0.396425
233,Cu,ZnSn,0.6,8.369,1.805,0.384675
234,Cu,ZnHf,0.0,8.1095,1.475,0.597725
235,Cu,ZnTa,0.161,8.642,1.575,0.5685250000000000
236,Cu,ZnW,0.4075,8.687000000000000,2.005,0.545275
237,Cu,ZnRe,0.075,8.637,1.775,0.525775
238,Cu,ZnOs,0.55,9.047,1.925,0.509475
239,Cu,ZnIr,0.7825,9.247,1.925,0.4968250000000000
240,Cu,ZnPt,1.064,9.197,1.965,0.485175
241,Cu,ZnAu,1.1545,9.31,2.095,0.471725
242,Cu,ZnHg,0.0,9.916,1.825,0.457875
243,Cu,ZnTl,0.1,7.751000000000000,1.635,0.445175
244,Cu,GaGe,0.8250000000000000,6.9495000000000000,1.91,0.274525
245,Cu,GaY,0.3035,6.108,1.515,0.613875
246,Cu,GaZr,0.363,6.3165,1.57,0.563975
247,Cu,GaNb,0.5965,6.379,1.705,0.527975
248,Cu,GaMo,0.523,6.5455,1.985,0.5049250000000000
249,Cu,GaRu,0.675,6.68,2.005,0.464875
250,Cu,GaRh,0.7185,6.729000000000000,2.045,0.447675
251,Cu,GaPd,0.4285,7.168000000000000,2.005,0.431525
252,Cu,GaAg,0.801,6.7875,1.87,0.4156250000000000
253,Cu,GaCd,0.15,7.496500000000000,1.75,0.400875
254,Cu,GaIn,0.3,5.8925,1.795,0.387725
255,Cu,GaSn,0.75,6.6715,1.885,0.375975
256,Cu,GaHf,0.15,6.412,1.5550000000000000,0.5890250000000000
257,Cu,GaTa,0.311,6.9445,1.655,0.559825
258,Cu,GaW,0.5575,6.9895,2.085,0.536575
259,Cu,GaRe,0.2250000000000000,6.9395,1.855,0.517075
260,Cu,GaOs,0.7000000000000000,7.349500000000000,2.005,0.500775
261,Cu,GaIr,0.9325,7.5495,2.005,0.488125
262,Cu,GaPt,1.214,7.499500000000000,2.045,0.476475
263,Cu,GaAu,1.3045,7.612500000000000,2.175,0.463025
264,Cu,GaHg,0.15,8.2185,1.905,0.449175
265,Cu,GaTl,0.25,6.0535,1.715,0.436475
266,Cu,GeY,0.8285,7.0585,1.6150000000000000,0.606
267,Cu,GeZr,0.888,7.267,1.67,0.5561
268,Cu,GeNb,1.1215000000000000,7.3295,1.805,0.5201
269,Cu,GeMo,1.048,7.496,2.085,0.49705
270,Cu,GeRu,1.2000000000000000,7.6305,2.105,0.4570000000000000
271,Cu,GeRh,1.2435,7.6795,2.145,0.4398000000000000
272,Cu,GePd,0.9535,8.118500000000000,2.105,0.4236500000000000
273,Cu,GeAg,1.326,7.738000000000000,1.97,0.4077500000000000
274,Cu,GeCd,0.675,8.447,1.85,0.393
275,Cu,GeIn,0.8250000000000000,6.843,1.895,0.37985
276,Cu,GeSn,1.275,7.622,1.985,0.3681
277,Cu,GeHf,0.675,7.362500000000000,1.6550000000000000,0.5811500000000000
278,Cu,GeTa,0.8360000000000000,7.895,1.755,0.55195
279,Cu,GeW,1.0825,7.94,2.185,0.5287
280,Cu,GeRe,0.75,7.890000000000000,1.955,0.5092
281,Cu,GeOs,1.225,8.3,2.105,0.4929
282,Cu,GeIr,1.4575,8.5,2.105,0.4802500000000000
283,Cu,GePt,1.739,8.45,2.145,0.4686
284,Cu,GeAu,1.8295,8.563,2.275,0.45515
285,Cu,GeHg,0.675,9.169,2.005,0.4413
286,Cu,GeTl,0.775,7.004,1.815,0.4286
287,Cu,YZr,0.3665,6.4255,1.275,0.8954500000000000
288,Cu,YNb,0.6,6.488,1.41,0.85945
289,Cu,YMo,0.5265,6.6545,1.69,0.8364
290,Cu,YRu,0.6785,6.789,1.71,0.79635
291,Cu,YRh,0.722,6.838000000000000,1.75,0.77915
292,Cu,YPd,0.432,7.277000000000000,1.71,0.763
293,Cu,YAg,0.8045,6.8965,1.575,0.7471
294,Cu,YCd,0.1535,7.605500000000000,1.455,0.7323500000000000
295,Cu,YIn,0.3035,6.0015,1.5,0.7192000000000000
296,Cu,YSn,0.7535,6.7805,1.59,0.70745
297,Cu,YHf,0.1535,6.521,1.26,0.9205
298,Cu,YTa,0.3145,7.0535,1.36,0.8913
299,Cu,YW,0.5610000000000000,7.0985,1.79,0.86805
300,Cu,YRe,0.2285000000000000,7.0485,1.56,0.84855
301,Cu,YOs,0.7035,7.458500000000000,1.71,0.8322500000000000
302,Cu,YIr,0.936,7.6585,1.71,0.8196
303,Cu,YPt,1.2175,7.608500000000000,1.75,0.80795
304,Cu,YAu,1.308,7.721500000000000,1.88,0.7945
305,Cu,YHg,0.1535,8.3275,1.61,0.7806500000000000
306,Cu,YTl,0.2535,6.1625,1.42,0.76795
307,Cu,ZrNb,0.6595,6.6965,1.465,0.80955
308,Cu,ZrMo,0.586,6.863,1.745,0.7865
309,Cu,ZrRu,0.738,6.9975000000000000,1.765,0.7464500000000000
310,Cu,ZrRh,0.7815,7.0465,1.805,0.72925
311,Cu,ZrPd,0.4915,7.4855,1.765,0.7131000000000000
312,Cu,ZrAg,0.864,7.105,1.63,0.6972
313,Cu,ZrCd,0.213,7.814,1.51,0.68245
314,Cu,ZrIn,0.363,6.21,1.5550000000000000,0.6693
315,Cu,ZrSn,0.813,6.989000000000000,1.645,0.6575500000000000
316,Cu,ZrHf,0.213,6.7295,1.315,0.8706
317,Cu,ZrTa,0.374,7.262,1.415,0.8414
318,Cu,ZrW,0.6205000000000000,7.307,1.845,0.8181500000000000
319,Cu,ZrRe,0.288,7.257,1.615,0.7986500000000000
320,Cu,ZrOs,0.763,7.667,1.765,0.78235
321,Cu,ZrIr,0.9955,7.867,1.765,0.7697
322,Cu,ZrPt,1.277,7.817,1.805,0.75805
323,Cu,ZrAu,1.3675000000000000,7.930000000000000,1.935,0.7446
324,Cu,ZrHg,0.213,8.536000000000000,1.665,0.73075
325,Cu,ZrTl,0.313,6.371,1.475,0.7180500000000000
326,Cu,NbMo,0.8195,6.9255,1.88,0.7505
327,Cu,NbRu,0.9715,7.0600000000000000,1.9,0.71045
328,Cu,NbRh,1.015,7.109,1.94,0.6932500000000000
329,Cu,NbPd,0.7250000000000000,7.548,1.9,0.6771
330,Cu,NbAg,1.0975,7.1675,1.765,0.6612
331,Cu,NbCd,0.4465,7.8765,1.645,0.64645
332,Cu,NbIn,0.5965,6.2725,1.69,0.6333
333,Cu,NbSn,1.0465,7.051500000000000,1.78,0.62155
334,Cu,NbHf,0.4465,6.792,1.4500000000000000,0.8346
335,Cu,NbTa,0.6075,7.3245,1.55,0.8054
336,Cu,NbW,0.854,7.3695,1.98,0.7821500000000000
337,Cu,NbRe,0.5215,7.3195,1.75,0.76265
338,Cu,NbOs,0.9965,7.7295,1.9,0.74635
339,Cu,NbIr,1.229,7.9295,1.9,0.7337
340,Cu,NbPt,1.5105,7.8795,1.94,0.72205
341,Cu,NbAu,1.601,7.992500000000000,2.0700000000000000,0.7086
342,Cu,NbHg,0.4465,8.598500000000000,1.8,0.69475
343,Cu,NbTl,0.5465,6.4335,1.61,0.68205
344,Cu,MoRu,0.898,7.2265,2.18,0.6874
345,Cu,MoRh,0.9415,7.275500000000000,2.22,0.6702
346,Cu,MoPd,0.6515,7.714500000000000,2.18,0.65405
347,Cu,MoAg,1.024,7.334,2.045,0.63815
348,Cu,MoCd,0.373,8.043,1.925,0.6234
349,Cu,MoIn,0.523,6.439,1.97,0.61025
350,Cu,MoSn,0.973,7.218,2.06,0.5985
351,Cu,MoHf,0.373,6.9585,1.73,0.81155
352,Cu,MoTa,0.534,7.491,1.83,0.7823500000000000
353,Cu,MoW,0.7805,7.536,2.26,0.7591
354,Cu,MoRe,0.448,7.486,2.03,0.7396
355,Cu,MoOs,0.923,7.896000000000000,2.18,0.7233
356,Cu,MoIr,1.1555,8.096,2.18,0.71065
357,Cu,MoPt,1.437,8.046,2.22,0.6990000000000000
358,Cu,MoAu,1.5275,8.159,2.35,0.6855500000000000
359,Cu,MoHg,0.373,8.765,2.08,0.6717
360,Cu,MoTl,0.473,6.6,1.89,0.659
361,Cu,RuRh,1.0935,7.41,2.24,0.63015
362,Cu,RuPd,0.8035000000000000,7.849,2.2,0.614
363,Cu,RuAg,1.1760000000000000,7.4685,2.065,0.5981
364,Cu,RuCd,0.525,8.1775,1.945,0.58335
365,Cu,RuIn,0.675,6.573500000000000,1.99,0.5702
366,Cu,RuSn,1.125,7.3525,2.08,0.55845
367,Cu,RuHf,0.525,7.093,1.75,0.7715
368,Cu,RuTa,0.686,7.6255,1.85,0.7423
369,Cu,RuW,0.9325,7.6705,2.28,0.71905
370,Cu,RuRe,0.6,7.6205,2.05,0.69955
371,Cu,RuOs,1.0750000000000000,8.0305,2.2,0.6832500000000000
372,Cu,RuIr,1.3075,8.2305,2.2,0.6706
373,Cu,RuPt,1.589,8.1805,2.24,0.6589500000000000
374,Cu,RuAu,1.6795,8.2935,2.37,0.6455
375,Cu,RuHg,0.525,8.8995,2.1,0.63165
376,Cu,RuTl,0.625,6.7345,1.91,0.61895
377,Cu,RhPd,0.847,7.898,2.24,0.5968
378,Cu,RhAg,1.2195,7.5175,2.105,0.5809
379,Cu,RhCd,0.5685,8.2265,1.985,0.5661500000000000
380,Cu,RhIn,0.7185,6.6225,2.03,0.5530000000000000
381,Cu,RhSn,1.1685,7.4015,2.12,0.54125
382,Cu,RhHf,0.5685,7.142,1.79,0.7543
383,Cu,RhTa,0.7295,7.6745,1.89,0.7251000000000000
384,Cu,RhW,0.976,7.7195,2.32,0.70185
385,Cu,RhRe,0.6435,7.669500000000000,2.09,0.68235
386,Cu,RhOs,1.1185,8.0795,2.24,0.66605
387,Cu,RhIr,1.351,8.279500000000000,2.24,0.6534
388,Cu,RhPt,1.6325,8.2295,2.28,0.64175
389,Cu,RhAu,1.723,8.342500000000000,2.41,0.6283000000000000
390,Cu,RhHg,0.5685,8.9485,2.14,0.6144500000000000
391,Cu,RhTl,0.6685,6.7835,1.95,0.60175
392,Cu,PdAg,0.9295,7.9565,2.065,0.56475
393,Cu,PdCd,0.2785,8.6655,1.945,0.55
394,Cu,PdIn,0.4285,7.0615,1.99,0.53685
395,Cu,PdSn,0.8785000000000000,7.8405,2.08,0.5251
396,Cu,PdHf,0.2785,7.581000000000000,1.75,0.73815
397,Cu,PdTa,0.4395,8.1135,1.85,0.70895
398,Cu,PdW,0.6860000000000000,8.1585,2.28,0.6857
399,Cu,PdRe,0.3535,8.1085,2.05,0.6662
400,Cu,PdOs,0.8285,8.5185,2.2,0.6499000000000000
401,Cu,PdIr,1.061,8.718500000000000,2.2,0.63725
402,Cu,PdPt,1.3425,8.6685,2.24,0.6256000000000000
403,Cu,PdAu,1.433,8.781500000000000,2.37,0.61215
404,Cu,PdHg,0.2785,9.3875,2.1,0.5983
405,Cu,PdTl,0.3785,7.2225,1.91,0.5856
406,Cu,AgCd,0.651,8.285,1.81,0.5341
407,Cu,AgIn,0.801,6.681000000000000,1.855,0.52095
408,Cu,AgSn,1.251,7.46,1.945,0.5092
409,Cu,AgHf,0.651,7.2005,1.615,0.72225
410,Cu,AgTa,0.812,7.733,1.715,0.6930500000000000
411,Cu,AgW,1.0585,7.778,2.145,0.6698
412,Cu,AgRe,0.726,7.728,1.915,0.6503
413,Cu,AgOs,1.201,8.138,2.065,0.6340000000000000
414,Cu,AgIr,1.4335,8.338,2.065,0.62135
415,Cu,AgPt,1.715,8.288,2.105,0.6097000000000000
416,Cu,AgAu,1.8055,8.401,2.235,0.59625
417,Cu,AgHg,0.651,9.007,1.965,0.5824
418,Cu,AgTl,0.751,6.842,1.775,0.5697
419,Cu,CdIn,0.15,7.39,1.735,0.5062
420,Cu,CdSn,0.6,8.169,1.825,0.49445
421,Cu,CdHf,0.0,7.909500000000000,1.495,0.7075
422,Cu,CdTa,0.161,8.442,1.595,0.6783
423,Cu,CdW,0.4075,8.487,2.025,0.6550500000000000
424,Cu,CdRe,0.075,8.437,1.795,0.6355500000000000
425,Cu,CdOs,0.55,8.847,1.945,0.61925
426,Cu,CdIr,0.7825,9.047,1.945,0.6066
427,Cu,CdPt,1.064,8.997,1.985,0.59495
428,Cu,CdAu,1.1545,9.11,2.115,0.5815
429,Cu,CdHg,0.0,9.716,1.845,0.56765
430,Cu,CdTl,0.1,7.551,1.655,0.55495
431,Cu,InSn,0.75,6.565,1.87,0.4813
432,Cu,InHf,0.15,6.3055,1.54,0.69435
433,Cu,InTa,0.311,6.838000000000000,1.64,0.66515
434,Cu,InW,0.5575,6.883,2.07,0.6419000000000000
435,Cu,InRe,0.2250000000000000,6.833,1.84,0.6224000000000000
436,Cu,InOs,0.7000000000000000,7.243000000000000,1.99,0.6061
437,Cu,InIr,0.9325,7.443,1.99,0.59345
438,Cu,InPt,1.214,7.393,2.03,0.5818
439,Cu,InAu,1.3045,7.506,2.16,0.56835
440,Cu,InHg,0.15,8.112,1.89,0.5545
441,Cu,InTl,0.25,5.947000000000000,1.7000000000000000,0.5418000000000000
442,Cu,SnHf,0.6,7.0845,1.63,0.6826
443,Cu,SnTa,0.761,7.617,1.73,0.6534
444,Cu,SnW,1.0075000000000000,7.662000000000000,2.16,0.63015
445,Cu,SnRe,0.6750000000000000,7.612,1.93,0.61065
446,Cu,SnOs,1.15,8.022,2.08,0.5943500000000000
447,Cu,SnIr,1.3825000000000000,8.222,2.08,0.5817
448,Cu,SnPt,1.664,8.172,2.12,0.57005
449,Cu,SnAu,1.7545000000000000,8.285,2.25,0.5566
450,Cu,SnHg,0.6,8.891,1.98,0.5427500000000000
451,Cu,SnTl,0.7,6.726,1.79,0.53005
452,Cu,HfTa,0.161,7.3575,1.4,0.8664500000000000
453,Cu,HfW,0.4075,7.4025,1.83,0.8432
454,Cu,HfRe,0.075,7.3525,1.6,0.8237
455,Cu,HfOs,0.55,7.762500000000000,1.75,0.8074000000000000
456,Cu,HfIr,0.7825,7.9625,1.75,0.79475
457,Cu,HfPt,1.064,7.9125,1.79,0.7831000000000000
458,Cu,HfAu,1.1545,8.025500000000000,1.92,0.76965
459,Cu,HfHg,0.0,8.6315,1.65,0.7558
460,Cu,HfTl,0.1,6.4665,1.46,0.7431
461,Cu,TaW,0.5685,7.935,1.93,0.8140000000000000
462,Cu,TaRe,0.236,7.885,1.7,0.7945
463,Cu,TaOs,0.7110000000000000,8.295,1.85,0.7782
464,Cu,TaIr,0.9435,8.495,1.85,0.76555
465,Cu,TaPt,1.225,8.445,1.89,0.7539
466,Cu,TaAu,1.3155,8.558,2.02,0.74045
467,Cu,TaHg,0.161,9.164,1.75,0.7266
468,Cu,TaTl,0.261,6.999,1.56,0.7139
469,Cu,WRe,0.4825,7.93,2.13,0.77125
470,Cu,WOs,0.9575,8.34,2.28,0.75495
471,Cu,WIr,1.19,8.54,2.28,0.7423
472,Cu,WPt,1.4715,8.49,2.32,0.73065
473,Cu,WAu,1.562,8.603000000000000,2.45,0.7172000000000000
474,Cu,WHg,0.4075,9.209,2.18,0.7033500000000000
475,Cu,WTl,0.5075,7.0440000000000000,1.99,0.69065
476,Cu,ReOs,0.625,8.29,2.05,0.7354500000000000
477,Cu,ReIr,0.8575000000000000,8.49,2.05,0.7228
478,Cu,RePt,1.139,8.44,2.09,0.71115
479,Cu,ReAu,1.2295,8.553,2.22,0.6977
480,Cu,ReHg,0.075,9.159,1.95,0.6838500000000000
481,Cu,ReTl,0.175,6.994,1.76,0.67115
482,Cu,OsIr,1.3325,8.900000000000000,2.2,0.7065000000000000
483,Cu,OsPt,1.614,8.85,2.24,0.69485
484,Cu,OsAu,1.7045,8.963000000000000,2.37,0.6814
485,Cu,OsHg,0.55,9.569,2.1,0.66755
486,Cu,OsTl,0.65,7.404,1.91,0.6548500000000000
487,Cu,IrPt,1.8465,9.05,2.24,0.6822000000000000
488,Cu,IrAu,1.937,9.163,2.37,0.66875
489,Cu,IrHg,0.7825,9.769,2.1,0.6549
490,Cu,IrTl,0.8825,7.604000000000000,1.91,0.6422
491,Cu,PtAu,2.2185,9.113,2.41,0.6571
492,Cu,PtHg,1.064,9.719,2.14,0.64325
493,Cu,PtTl,1.164,7.554,1.95,0.6305500000000000
494,Cu,AuHg,1.1545,9.832,2.27,0.6298
495,Cu,AuTl,1.2545000000000000,7.667,2.08,0.6171
496,Cu,HgTl,0.1,8.273,1.81,0.6032500000000000
497,Zn,ScTi,0.1335,6.6945,1.4500000000000000,0.5504
498,Zn,ScV,0.3565,6.6535,1.495,0.52845
499,Zn,ScCr,0.427,6.664,1.51,0.5103500000000000
500,Zn,ScMn,0.094,6.9975000000000000,1.455,0.4948
501,Zn,ScFe,0.1755,7.2315,1.5950000000000000,0.48175
502,Zn,ScCo,0.4245,7.221,1.62,0.4702
503,Zn,ScNi,0.6720000000000000,7.1005,1.635,0.459575
504,Zn,ScCu,0.708,7.1435,1.63,0.450225
505,Zn,ScGa,0.244,6.280000000000000,1.585,0.431875
506,Zn,ScGe,0.769,7.2305,1.685,0.424
507,Zn,ScY,0.2475,6.389000000000000,1.29,0.76335
508,Zn,ScZr,0.307,6.5975,1.3450000000000000,0.71345
509,Zn,ScNb,0.5405,6.66,1.48,0.67745
510,Zn,ScMo,0.4670000000000000,6.826500000000000,1.7600000000000000,0.6544000000000000
511,Zn,ScRu,0.619,6.961,1.7800000000000000,0.61435
512,Zn,ScRh,0.6625,7.01,1.82,0.5971500000000000
513,Zn,ScPd,0.3725,7.449,1.7800000000000000,0.581
514,Zn,ScAg,0.745,7.0685,1.645,0.5651000000000000
515,Zn,ScCd,0.094,7.7775,1.525,0.55035
516,Zn,ScIn,0.244,6.1735,1.57,0.5372
517,Zn,ScSn,0.694,6.952500000000000,1.66,0.52545
518,Zn,ScHf,0.094,6.693,1.33,0.7385000000000000
519,Zn,ScTa,0.255,7.2255,1.4300000000000000,0.7093
520,Zn,ScW,0.5015,7.2705,1.86,0.68605
521,Zn,ScRe,0.1690000000000000,7.220500000000000,1.63,0.66655
522,Zn,ScOs,0.644,7.6305,1.7800000000000000,0.65025
523,Zn,ScIr,0.8765,7.8305,1.7800000000000000,0.6376
524,Zn,ScPt,1.158,7.7805,1.82,0.62595
525,Zn,ScAu,1.2485000000000000,7.8935,1.95,0.6125
526,Zn,ScHg,0.094,8.499500000000000,1.6800000000000000,0.59865
527,Zn,ScTl,0.194,6.3345,1.4900000000000000,0.58595
528,Zn,TiV,0.302,6.787000000000000,1.585,0.4975000000000000
529,Zn,TiCr,0.3725,6.7975,1.6,0.4794
530,Zn,TiMn,0.0395,7.131,1.545,0.46385
531,Zn,TiFe,0.121,7.365,1.685,0.4508
532,Zn,TiCo,0.37,7.3545,1.71,0.43925
533,Zn,TiNi,0.6175000000000000,7.234,1.725,0.428625
534,Zn,TiCu,0.6535,7.277,1.72,0.4192750000000000
535,Zn,TiGa,0.1895,6.4135,1.675,0.400925
536,Zn,TiGe,0.7145,7.364000000000000,1.775,0.39305
537,Zn,TiY,0.193,6.5225,1.38,0.7324000000000000
538,Zn,TiZr,0.2525,6.731,1.435,0.6825
539,Zn,TiNb,0.486,6.7935,1.57,0.6465
540,Zn,TiMo,0.4125,6.96,1.85,0.6234500000000000
541,Zn,TiRu,0.5645,7.0945,1.87,0.5834000000000000
542,Zn,TiRh,0.608,7.1435,1.91,0.5662
543,Zn,TiPd,0.318,7.5825,1.87,0.5500500000000000
544,Zn,TiAg,0.6905,7.202,1.735,0.5341500000000000
545,Zn,TiCd,0.0395,7.911,1.615,0.5194
546,Zn,TiIn,0.1895,6.307,1.66,0.50625
547,Zn,TiSn,0.6395,7.086,1.75,0.4945
548,Zn,TiHf,0.0395,6.8265,1.42,0.7075500000000000
549,Zn,TiTa,0.2005,7.359,1.52,0.67835
550,Zn,TiW,0.4470000000000000,7.404,1.95,0.6551
551,Zn,TiRe,0.1145000000000000,7.354,1.72,0.6356000000000000
552,Zn,TiOs,0.5895,7.764000000000000,1.87,0.6193
553,Zn,TiIr,0.822,7.964,1.87,0.6066500000000000
554,Zn,TiPt,1.1035,7.914,1.91,0.595
555,Zn,TiAu,1.1940000000000000,8.027000000000000,2.04,0.58155
556,Zn,TiHg,0.0395,8.633000000000000,1.77,0.5677
557,Zn,TiTl,0.1395,6.468,1.58,0.5550000000000000
558,Zn,VCr,0.5955,6.756500000000000,1.645,0.45745
559,Zn,VMn,0.2625,7.09,1.59,0.4419000000000000
560,Zn,VFe,0.344,7.324,1.73,0.4288500000000000
561,Zn,VCo,0.593,7.3135,1.755,0.4173
562,Zn,VNi,0.8405,7.193,1.77,0.406675
563,Zn,VCu,0.8765000000000000,7.236000000000000,1.765,0.397325
564,Zn,VGa,0.4125,6.3725000000000000,1.72,0.3789750000000000
565,Zn,VGe,0.9375,7.323,1.82,0.3711
566,Zn,VY,0.416,6.4815000000000000,1.4250000000000000,0.71045
567,Zn,VZr,0.4755,6.69,1.48,0.66055
568,Zn,VNb,0.7090000000000000,6.7525,1.615,0.6245500000000000
569,Zn,VMo,0.6355,6.9190000000000000,1.895,0.6015
570,Zn,VRu,0.7875000000000000,7.0535,1.915,0.56145
571,Zn,VRh,0.831,7.1025,1.955,0.54425
572,Zn,VPd,0.541,7.5415,1.915,0.5281
573,Zn,VAg,0.9135,7.161,1.7800000000000000,0.5122
574,Zn,VCd,0.2625,7.87,1.66,0.4974500000000000
575,Zn,VIn,0.4125,6.266,1.705,0.4843000000000000
576,Zn,VSn,0.8625,7.045,1.795,0.47255
577,Zn,VHf,0.2625,6.785500000000000,1.465,0.6856
578,Zn,VTa,0.4235,7.318,1.565,0.6564
579,Zn,VW,0.6700000000000000,7.363,1.995,0.63315
580,Zn,VRe,0.3375,7.313000000000000,1.765,0.61365
581,Zn,VOs,0.8125,7.723,1.915,0.5973500000000000
582,Zn,VIr,1.045,7.923,1.915,0.5847
583,Zn,VPt,1.3265,7.873,1.955,0.57305
584,Zn,VAu,1.417,7.986000000000000,2.085,0.5596
585,Zn,VHg,0.2625,8.592,1.815,0.54575
586,Zn,VTl,0.3625,6.427,1.625,0.53305
587,Zn,CrMn,0.333,7.1005,1.605,0.4238
588,Zn,CrFe,0.4145,7.3345,1.745,0.41075
589,Zn,CrCo,0.6635,7.324,1.77,0.3992
590,Zn,CrNi,0.911,7.2035,1.785,0.388575
591,Zn,CrCu,0.947,7.2465,1.7800000000000000,0.379225
592,Zn,CrGa,0.483,6.383,1.735,0.360875
593,Zn,CrGe,1.008,7.333500000000000,1.835,0.353
594,Zn,CrY,0.4865,6.492,1.44,0.69235
595,Zn,CrZr,0.546,6.7005,1.495,0.64245
596,Zn,CrNb,0.7795000000000000,6.763,1.63,0.6064500000000000
597,Zn,CrMo,0.706,6.9295,1.91,0.5834
598,Zn,CrRu,0.8580000000000000,7.064,1.93,0.54335
599,Zn,CrRh,0.9015,7.113,1.97,0.52615
600,Zn,CrPd,0.6115,7.552,1.93,0.51
601,Zn,CrAg,0.984,7.1715,1.795,0.4941
602,Zn,CrCd,0.333,7.8805,1.6750000000000000,0.47935
603,Zn,CrIn,0.483,6.2765,1.72,0.4662
604,Zn,CrSn,0.933,7.0555,1.81,0.45445
605,Zn,CrHf,0.333,6.796,1.48,0.6675
606,Zn,CrTa,0.494,7.3285,1.58,0.6383000000000000
607,Zn,CrW,0.7405000000000000,7.3735,2.01,0.61505
608,Zn,CrRe,0.408,7.3235,1.7800000000000000,0.59555
609,Zn,CrOs,0.883,7.733500000000000,1.93,0.57925
610,Zn,CrIr,1.1155,7.9335,1.93,0.5666
611,Zn,CrPt,1.397,7.8835,1.97,0.55495
612,Zn,CrAu,1.4875,7.996500000000000,2.1,0.5415000000000000
613,Zn,CrHg,0.333,8.602500000000000,1.83,0.52765
614,Zn,CrTl,0.433,6.4375,1.64,0.51495
615,Zn,MnFe,0.0815,7.668,1.69,0.3952
616,Zn,MnCo,0.3305,7.657500000000000,1.715,0.38365
617,Zn,MnNi,0.578,7.537,1.73,0.373025
618,Zn,MnCu,0.614,7.58,1.725,0.3636750000000000
619,Zn,MnGa,0.15,6.7165,1.6800000000000000,0.345325
620,Zn,MnGe,0.675,7.667,1.7800000000000000,0.33745
621,Zn,MnY,0.1535,6.8255,1.385,0.6768000000000000
622,Zn,MnZr,0.213,7.034000000000000,1.44,0.6269
623,Zn,MnNb,0.4465,7.096500000000000,1.5750000000000000,0.5909
624,Zn,MnMo,0.373,7.263,1.855,0.56785
625,Zn,MnRu,0.525,7.3975,1.875,0.5278
626,Zn,MnRh,0.5685,7.4465,1.915,0.5106000000000000
627,Zn,MnPd,0.2785,7.8855,1.875,0.49445
628,Zn,MnAg,0.651,7.505,1.74,0.47855
629,Zn,MnCd,0.0,8.214,1.62,0.4638
630,Zn,MnIn,0.15,6.610000000000000,1.665,0.45065
631,Zn,MnSn,0.6,7.389,1.755,0.4389
632,Zn,MnHf,0.0,7.1295,1.425,0.65195
633,Zn,MnTa,0.161,7.662,1.525,0.62275
634,Zn,MnW,0.4075,7.707000000000000,1.955,0.5995000000000000
635,Zn,MnRe,0.075,7.657,1.725,0.5800000000000000
636,Zn,MnOs,0.55,8.067,1.875,0.5637
637,Zn,MnIr,0.7825,8.267,1.875,0.55105
638,Zn,MnPt,1.064,8.217,1.915,0.5394
639,Zn,MnAu,1.1545,8.33,2.045,0.52595
640,Zn,MnHg,0.0,8.936,1.775,0.5121
641,Zn,MnTl,0.1,6.771,1.585,0.4994
642,Zn,FeCo,0.412,7.891500000000000,1.855,0.3706
643,Zn,FeNi,0.6595,7.771,1.87,0.359975
644,Zn,FeCu,0.6955,7.814,1.865,0.3506250000000000
645,Zn,FeGa,0.2315000000000000,6.9505,1.82,0.332275
646,Zn,FeGe,0.7565000000000000,7.901,1.92,0.3244
647,Zn,FeY,0.235,7.0595,1.525,0.6637500000000000
648,Zn,FeZr,0.2945,7.268000000000000,1.58,0.61385
649,Zn,FeNb,0.528,7.330500000000000,1.715,0.57785
650,Zn,FeMo,0.4545,7.497,1.995,0.5548
651,Zn,FeRu,0.6065,7.6315,2.015,0.51475
652,Zn,FeRh,0.65,7.6805,2.055,0.49755
653,Zn,FePd,0.36,8.1195,2.015,0.4814
654,Zn,FeAg,0.7325,7.739,1.88,0.4655000000000000
655,Zn,FeCd,0.0815,8.448,1.76,0.45075
656,Zn,FeIn,0.2315000000000000,6.844000000000000,1.805,0.4376
657,Zn,FeSn,0.6815,7.623,1.895,0.42585
658,Zn,FeHf,0.0815,7.3635,1.565,0.6389
659,Zn,FeTa,0.2425,7.896,1.665,0.6097
660,Zn,FeW,0.489,7.941000000000000,2.095,0.5864500000000000
661,Zn,FeRe,0.1565,7.891,1.865,0.5669500000000000
662,Zn,FeOs,0.6315000000000000,8.301,2.015,0.55065
663,Zn,FeIr,0.864,8.501,2.015,0.538
664,Zn,FePt,1.1455,8.451,2.055,0.52635
665,Zn,FeAu,1.236,8.564,2.185,0.5129
666,Zn,FeHg,0.0815,9.17,1.915,0.49905
667,Zn,FeTl,0.1815,7.005,1.725,0.48635
668,Zn,CoNi,0.9085,7.7605,1.895,0.348425
669,Zn,CoCu,0.9445,7.8035,1.89,0.339075
670,Zn,CoGa,0.4805,6.94,1.845,0.320725
671,Zn,CoGe,1.0055,7.8905,1.945,0.3128500000000000
672,Zn,CoY,0.484,7.049,1.5500000000000000,0.6522
673,Zn,CoZr,0.5435,7.2575,1.605,0.6023000000000000
674,Zn,CoNb,0.777,7.32,1.74,0.5663
675,Zn,CoMo,0.7035,7.486500000000000,2.02,0.54325
676,Zn,CoRu,0.8555,7.621,2.04,0.5032
677,Zn,CoRh,0.899,7.67,2.08,0.486
678,Zn,CoPd,0.609,8.109,2.04,0.46985
679,Zn,CoAg,0.9815,7.7285,1.905,0.4539500000000000
680,Zn,CoCd,0.3305,8.4375,1.785,0.4392
681,Zn,CoIn,0.4805,6.8335,1.83,0.42605
682,Zn,CoSn,0.9305,7.612500000000000,1.92,0.4143
683,Zn,CoHf,0.3305,7.353,1.59,0.62735
684,Zn,CoTa,0.4915,7.8855,1.69,0.59815
685,Zn,CoW,0.738,7.9305,2.12,0.5749
686,Zn,CoRe,0.4055,7.8805,1.89,0.5554
687,Zn,CoOs,0.8805000000000000,8.2905,2.04,0.5391000000000000
688,Zn,CoIr,1.113,8.4905,2.04,0.52645
689,Zn,CoPt,1.3945,8.4405,2.08,0.5148000000000000
690,Zn,CoAu,1.485,8.5535,2.21,0.50135
691,Zn,CoHg,0.3305,9.1595,1.94,0.4875
692,Zn,CoTl,0.4305,6.9945,1.75,0.4748
693,Zn,NiCu,1.192,7.683,1.905,0.32845
694,Zn,NiGa,0.728,6.8195,1.86,0.3101
695,Zn,NiGe,1.253,7.77,1.96,0.3022250000000000
696,Zn,NiY,0.7315000000000000,6.9285,1.565,0.641575
697,Zn,NiZr,0.7910000000000000,7.1370000000000000,1.62,0.591675
698,Zn,NiNb,1.0245,7.1995000000000000,1.755,0.5556750000000000
699,Zn,NiMo,0.951,7.366,2.035,0.532625
700,Zn,NiRu,1.103,7.5005,2.055,0.492575
701,Zn,NiRh,1.1465,7.5495,2.095,0.475375
702,Zn,NiPd,0.8565,7.9885,2.055,0.459225
703,Zn,NiAg,1.229,7.608,1.92,0.4433250000000000
704,Zn,NiCd,0.578,8.317,1.8000000000000000,0.428575
705,Zn,NiIn,0.728,6.713000000000000,1.845,0.415425
706,Zn,NiSn,1.178,7.492,1.935,0.403675
707,Zn,NiHf,0.578,7.2325,1.605,0.616725
708,Zn,NiTa,0.739,7.765,1.705,0.5875250000000000
709,Zn,NiW,0.9855,7.81,2.135,0.564275
710,Zn,NiRe,0.6530000000000000,7.76,1.905,0.544775
711,Zn,NiOs,1.128,8.17,2.055,0.528475
712,Zn,NiIr,1.3605,8.37,2.055,0.515825
713,Zn,NiPt,1.642,8.32,2.095,0.504175
714,Zn,NiAu,1.7325,8.433,2.225,0.490725
715,Zn,NiHg,0.578,9.039,1.955,0.476875
716,Zn,NiTl,0.6780000000000000,6.874,1.765,0.464175
717,Zn,CuGa,0.764,6.8625,1.855,0.3007500000000000
718,Zn,CuGe,1.289,7.813000000000000,1.955,0.292875
719,Zn,CuY,0.7675,6.9715,1.56,0.632225
720,Zn,CuZr,0.827,7.18,1.615,0.582325
721,Zn,CuNb,1.0605,7.2425,1.75,0.546325
722,Zn,CuMo,0.987,7.409,2.03,0.523275
723,Zn,CuRu,1.139,7.5435,2.05,0.483225
724,Zn,CuRh,1.1825,7.592500000000000,2.09,0.466025
725,Zn,CuPd,0.8925000000000000,8.0315,2.05,0.449875
726,Zn,CuAg,1.265,7.651,1.915,0.433975
727,Zn,CuCd,0.614,8.36,1.795,0.4192250000000000
728,Zn,CuIn,0.764,6.756,1.84,0.4060750000000000
729,Zn,CuSn,1.214,7.535,1.93,0.394325
730,Zn,CuHf,0.614,7.2755,1.6,0.607375
731,Zn,CuTa,0.775,7.808,1.7,0.578175
732,Zn,CuW,1.0215,7.853,2.13,0.554925
733,Zn,CuRe,0.689,7.803,1.9,0.535425
734,Zn,CuOs,1.164,8.213,2.05,0.519125
735,Zn,CuIr,1.3965,8.413,2.05,0.506475
736,Zn,CuPt,1.678,8.363,2.09,0.4948250000000000
737,Zn,CuAu,1.7685,8.476,2.22,0.481375
738,Zn,CuHg,0.614,9.082,1.95,0.4675250000000000
739,Zn,CuTl,0.714,6.917,1.76,0.454825
740,Zn,GaGe,0.8250000000000000,6.9495000000000000,1.91,0.274525
741,Zn,GaY,0.3035,6.108,1.515,0.613875
742,Zn,GaZr,0.363,6.3165,1.57,0.563975
743,Zn,GaNb,0.5965,6.379,1.705,0.527975
744,Zn,GaMo,0.523,6.5455,1.985,0.5049250000000000
745,Zn,GaRu,0.675,6.68,2.005,0.464875
746,Zn,GaRh,0.7185,6.729000000000000,2.045,0.447675
747,Zn,GaPd,0.4285,7.168000000000000,2.005,0.431525
748,Zn,GaAg,0.801,6.7875,1.87,0.4156250000000000
749,Zn,GaCd,0.15,7.496500000000000,1.75,0.400875
750,Zn,GaIn,0.3,5.8925,1.795,0.387725
751,Zn,GaSn,0.75,6.6715,1.885,0.375975
752,Zn,GaHf,0.15,6.412,1.5550000000000000,0.5890250000000000
753,Zn,GaTa,0.311,6.9445,1.655,0.559825
754,Zn,GaW,0.5575,6.9895,2.085,0.536575
755,Zn,GaRe,0.2250000000000000,6.9395,1.855,0.517075
756,Zn,GaOs,0.7000000000000000,7.349500000000000,2.005,0.500775
757,Zn,GaIr,0.9325,7.5495,2.005,0.488125
758,Zn,GaPt,1.214,7.499500000000000,2.045,0.476475
759,Zn,GaAu,1.3045,7.612500000000000,2.175,0.463025
760,Zn,GaHg,0.15,8.2185,1.905,0.449175
761,Zn,GaTl,0.25,6.0535,1.715,0.436475
762,Zn,GeY,0.8285,7.0585,1.6150000000000000,0.606
763,Zn,GeZr,0.888,7.267,1.67,0.5561
764,Zn,GeNb,1.1215000000000000,7.3295,1.805,0.5201
765,Zn,GeMo,1.048,7.496,2.085,0.49705
766,Zn,GeRu,1.2000000000000000,7.6305,2.105,0.4570000000000000
767,Zn,GeRh,1.2435,7.6795,2.145,0.4398000000000000
768,Zn,GePd,0.9535,8.118500000000000,2.105,0.4236500000000000
769,Zn,GeAg,1.326,7.738000000000000,1.97,0.4077500000000000
770,Zn,GeCd,0.675,8.447,1.85,0.393
771,Zn,GeIn,0.8250000000000000,6.843,1.895,0.37985
772,Zn,GeSn,1.275,7.622,1.985,0.3681
773,Zn,GeHf,0.675,7.362500000000000,1.6550000000000000,0.5811500000000000
774,Zn,GeTa,0.8360000000000000,7.895,1.755,0.55195
775,Zn,GeW,1.0825,7.94,2.185,0.5287
776,Zn,GeRe,0.75,7.890000000000000,1.955,0.5092
777,Zn,GeOs,1.225,8.3,2.105,0.4929
778,Zn,GeIr,1.4575,8.5,2.105,0.4802500000000000
779,Zn,GePt,1.739,8.45,2.145,0.4686
780,Zn,GeAu,1.8295,8.563,2.275,0.45515
781,Zn,GeHg,0.675,9.169,2.005,0.4413
782,Zn,GeTl,0.775,7.004,1.815,0.4286
783,Zn,YZr,0.3665,6.4255,1.275,0.8954500000000000
784,Zn,YNb,0.6,6.488,1.41,0.85945
785,Zn,YMo,0.5265,6.6545,1.69,0.8364
786,Zn,YRu,0.6785,6.789,1.71,0.79635
787,Zn,YRh,0.722,6.838000000000000,1.75,0.77915
788,Zn,YPd,0.432,7.277000000000000,1.71,0.763
789,Zn,YAg,0.8045,6.8965,1.575,0.7471
790,Zn,YCd,0.1535,7.605500000000000,1.455,0.7323500000000000
791,Zn,YIn,0.3035,6.0015,1.5,0.7192000000000000
792,Zn,YSn,0.7535,6.7805,1.59,0.70745
793,Zn,YHf,0.1535,6.521,1.26,0.9205
794,Zn,YTa,0.3145,7.0535,1.36,0.8913
795,Zn,YW,0.5610000000000000,7.0985,1.79,0.86805
796,Zn,YRe,0.2285000000000000,7.0485,1.56,0.84855
797,Zn,YOs,0.7035,7.458500000000000,1.71,0.8322500000000000
798,Zn,YIr,0.936,7.6585,1.71,0.8196
799,Zn,YPt,1.2175,7.608500000000000,1.75,0.80795
800,Zn,YAu,1.308,7.721500000000000,1.88,0.7945
801,Zn,YHg,0.1535,8.3275,1.61,0.7806500000000000
802,Zn,YTl,0.2535,6.1625,1.42,0.76795
803,Zn,ZrNb,0.6595,6.6965,1.465,0.80955
804,Zn,ZrMo,0.586,6.863,1.745,0.7865
805,Zn,ZrRu,0.738,6.9975000000000000,1.765,0.7464500000000000
806,Zn,ZrRh,0.7815,7.0465,1.805,0.72925
807,Zn,ZrPd,0.4915,7.4855,1.765,0.7131000000000000
808,Zn,ZrAg,0.864,7.105,1.63,0.6972
809,Zn,ZrCd,0.213,7.814,1.51,0.68245
810,Zn,ZrIn,0.363,6.21,1.5550000000000000,0.6693
811,Zn,ZrSn,0.813,6.989000000000000,1.645,0.6575500000000000
812,Zn,ZrHf,0.213,6.7295,1.315,0.8706
813,Zn,ZrTa,0.374,7.262,1.415,0.8414
814,Zn,ZrW,0.6205000000000000,7.307,1.845,0.8181500000000000
815,Zn,ZrRe,0.288,7.257,1.615,0.7986500000000000
816,Zn,ZrOs,0.763,7.667,1.765,0.78235
817,Zn,ZrIr,0.9955,7.867,1.765,0.7697
818,Zn,ZrPt,1.277,7.817,1.805,0.75805
819,Zn,ZrAu,1.3675000000000000,7.930000000000000,1.935,0.7446
820,Zn,ZrHg,0.213,8.536000000000000,1.665,0.73075
821,Zn,ZrTl,0.313,6.371,1.475,0.7180500000000000
822,Zn,NbMo,0.8195,6.9255,1.88,0.7505
823,Zn,NbRu,0.9715,7.0600000000000000,1.9,0.71045
824,Zn,NbRh,1.015,7.109,1.94,0.6932500000000000
825,Zn,NbPd,0.7250000000000000,7.548,1.9,0.6771
826,Zn,NbAg,1.0975,7.1675,1.765,0.6612
827,Zn,NbCd,0.4465,7.8765,1.645,0.64645
828,Zn,NbIn,0.5965,6.2725,1.69,0.6333
829,Zn,NbSn,1.0465,7.051500000000000,1.78,0.62155
830,Zn,NbHf,0.4465,6.792,1.4500000000000000,0.8346
831,Zn,NbTa,0.6075,7.3245,1.55,0.8054
832,Zn,NbW,0.854,7.3695,1.98,0.7821500000000000
833,Zn,NbRe,0.5215,7.3195,1.75,0.76265
834,Zn,NbOs,0.9965,7.7295,1.9,0.74635
835,Zn,NbIr,1.229,7.9295,1.9,0.7337
836,Zn,NbPt,1.5105,7.8795,1.94,0.72205
837,Zn,NbAu,1.601,7.992500000000000,2.0700000000000000,0.7086
838,Zn,NbHg,0.4465,8.598500000000000,1.8,0.69475
839,Zn,NbTl,0.5465,6.4335,1.61,0.68205
840,Zn,MoRu,0.898,7.2265,2.18,0.6874
841,Zn,MoRh,0.9415,7.275500000000000,2.22,0.6702
842,Zn,MoPd,0.6515,7.714500000000000,2.18,0.65405
843,Zn,MoAg,1.024,7.334,2.045,0.63815
844,Zn,MoCd,0.373,8.043,1.925,0.6234
845,Zn,MoIn,0.523,6.439,1.97,0.61025
846,Zn,MoSn,0.973,7.218,2.06,0.5985
847,Zn,MoHf,0.373,6.9585,1.73,0.81155
848,Zn,MoTa,0.534,7.491,1.83,0.7823500000000000
849,Zn,MoW,0.7805,7.536,2.26,0.7591
850,Zn,MoRe,0.448,7.486,2.03,0.7396
851,Zn,MoOs,0.923,7.896000000000000,2.18,0.7233
852,Zn,MoIr,1.1555,8.096,2.18,0.71065
853,Zn,MoPt,1.437,8.046,2.22,0.6990000000000000
854,Zn,MoAu,1.5275,8.159,2.35,0.6855500000000000
855,Zn,MoHg,0.373,8.765,2.08,0.6717
856,Zn,MoTl,0.473,6.6,1.89,0.659
857,Zn,RuRh,1.0935,7.41,2.24,0.63015
858,Zn,RuPd,0.8035000000000000,7.849,2.2,0.614
859,Zn,RuAg,1.1760000000000000,7.4685,2.065,0.5981
860,Zn,RuCd,0.525,8.1775,1.945,0.58335
861,Zn,RuIn,0.675,6.573500000000000,1.99,0.5702
862,Zn,RuSn,1.125,7.3525,2.08,0.55845
863,Zn,RuHf,0.525,7.093,1.75,0.7715
864,Zn,RuTa,0.686,7.6255,1.85,0.7423
865,Zn,RuW,0.9325,7.6705,2.28,0.71905
866,Zn,RuRe,0.6,7.6205,2.05,0.69955
867,Zn,RuOs,1.0750000000000000,8.0305,2.2,0.6832500000000000
868,Zn,RuIr,1.3075,8.2305,2.2,0.6706
869,Zn,RuPt,1.589,8.1805,2.24,0.6589500000000000
870,Zn,RuAu,1.6795,8.2935,2.37,0.6455
871,Zn,RuHg,0.525,8.8995,2.1,0.63165
872,Zn,RuTl,0.625,6.7345,1.91,0.61895
873,Zn,RhPd,0.847,7.898,2.24,0.5968
874,Zn,RhAg,1.2195,7.5175,2.105,0.5809
875,Zn,RhCd,0.5685,8.2265,1.985,0.5661500000000000
876,Zn,RhIn,0.7185,6.6225,2.03,0.5530000000000000
877,Zn,RhSn,1.1685,7.4015,2.12,0.54125
878,Zn,RhHf,0.5685,7.142,1.79,0.7543
879,Zn,RhTa,0.7295,7.6745,1.89,0.7251000000000000
880,Zn,RhW,0.976,7.7195,2.32,0.70185
881,Zn,RhRe,0.6435,7.669500000000000,2.09,0.68235
882,Zn,RhOs,1.1185,8.0795,2.24,0.66605
883,Zn,RhIr,1.351,8.279500000000000,2.24,0.6534
884,Zn,RhPt,1.6325,8.2295,2.28,0.64175
885,Zn,RhAu,1.723,8.342500000000000,2.41,0.6283000000000000
886,Zn,RhHg,0.5685,8.9485,2.14,0.6144500000000000
887,Zn,RhTl,0.6685,6.7835,1.95,0.60175
888,Zn,PdAg,0.9295,7.9565,2.065,0.56475
889,Zn,PdCd,0.2785,8.6655,1.945,0.55
890,Zn,PdIn,0.4285,7.0615,1.99,0.53685
891,Zn,PdSn,0.8785000000000000,7.8405,2.08,0.5251
892,Zn,PdHf,0.2785,7.581000000000000,1.75,0.73815
893,Zn,PdTa,0.4395,8.1135,1.85,0.70895
894,Zn,PdW,0.6860000000000000,8.1585,2.28,0.6857
895,Zn,PdRe,0.3535,8.1085,2.05,0.6662
896,Zn,PdOs,0.8285,8.5185,2.2,0.6499000000000000
897,Zn,PdIr,1.061,8.718500000000000,2.2,0.63725
898,Zn,PdPt,1.3425,8.6685,2.24,0.6256000000000000
899,Zn,PdAu,1.433,8.781500000000000,2.37,0.61215
900,Zn,PdHg,0.2785,9.3875,2.1,0.5983
901,Zn,PdTl,0.3785,7.2225,1.91,0.5856
902,Zn,AgCd,0.651,8.285,1.81,0.5341
903,Zn,AgIn,0.801,6.681000000000000,1.855,0.52095
904,Zn,AgSn,1.251,7.46,1.945,0.5092
905,Zn,AgHf,0.651,7.2005,1.615,0.72225
906,Zn,AgTa,0.812,7.733,1.715,0.6930500000000000
907,Zn,AgW,1.0585,7.778,2.145,0.6698
908,Zn,AgRe,0.726,7.728,1.915,0.6503
909,Zn,AgOs,1.201,8.138,2.065,0.6340000000000000
910,Zn,AgIr,1.4335,8.338,2.065,0.62135
911,Zn,AgPt,1.715,8.288,2.105,0.6097000000000000
912,Zn,AgAu,1.8055,8.401,2.235,0.59625
913,Zn,AgHg,0.651,9.007,1.965,0.5824
914,Zn,AgTl,0.751,6.842,1.775,0.5697
915,Zn,CdIn,0.15,7.39,1.735,0.5062
916,Zn,CdSn,0.6,8.169,1.825,0.49445
917,Zn,CdHf,0.0,7.909500000000000,1.495,0.7075
918,Zn,CdTa,0.161,8.442,1.595,0.6783
919,Zn,CdW,0.4075,8.487,2.025,0.6550500000000000
920,Zn,CdRe,0.075,8.437,1.795,0.6355500000000000
921,Zn,CdOs,0.55,8.847,1.945,0.61925
922,Zn,CdIr,0.7825,9.047,1.945,0.6066
923,Zn,CdPt,1.064,8.997,1.985,0.59495
924,Zn,CdAu,1.1545,9.11,2.115,0.5815
925,Zn,CdHg,0.0,9.716,1.845,0.56765
926,Zn,CdTl,0.1,7.551,1.655,0.55495
927,Zn,InSn,0.75,6.565,1.87,0.4813
928,Zn,InHf,0.15,6.3055,1.54,0.69435
929,Zn,InTa,0.311,6.838000000000000,1.64,0.66515
930,Zn,InW,0.5575,6.883,2.07,0.6419000000000000
931,Zn,InRe,0.2250000000000000,6.833,1.84,0.6224000000000000
932,Zn,InOs,0.7000000000000000,7.243000000000000,1.99,0.6061
933,Zn,InIr,0.9325,7.443,1.99,0.59345
934,Zn,InPt,1.214,7.393,2.03,0.5818
935,Zn,InAu,1.3045,7.506,2.16,0.56835
936,Zn,InHg,0.15,8.112,1.89,0.5545
937,Zn,InTl,0.25,5.947000000000000,1.7000000000000000,0.5418000000000000
938,Zn,SnHf,0.6,7.0845,1.63,0.6826
939,Zn,SnTa,0.761,7.617,1.73,0.6534
940,Zn,SnW,1.0075000000000000,7.662000000000000,2.16,0.63015
941,Zn,SnRe,0.6750000000000000,7.612,1.93,0.61065
942,Zn,SnOs,1.15,8.022,2.08,0.5943500000000000
943,Zn,SnIr,1.3825000000000000,8.222,2.08,0.5817
944,Zn,SnPt,1.664,8.172,2.12,0.57005
945,Zn,SnAu,1.7545000000000000,8.285,2.25,0.5566
946,Zn,SnHg,0.6,8.891,1.98,0.5427500000000000
947,Zn,SnTl,0.7,6.726,1.79,0.53005
948,Zn,HfTa,0.161,7.3575,1.4,0.8664500000000000
949,Zn,HfW,0.4075,7.4025,1.83,0.8432
950,Zn,HfRe,0.075,7.3525,1.6,0.8237
951,Zn,HfOs,0.55,7.762500000000000,1.75,0.8074000000000000
952,Zn,HfIr,0.7825,7.9625,1.75,0.79475
953,Zn,HfPt,1.064,7.9125,1.79,0.7831000000000000
954,Zn,HfAu,1.1545,8.025500000000000,1.92,0.76965
955,Zn,HfHg,0.0,8.6315,1.65,0.7558
956,Zn,HfTl,0.1,6.4665,1.46,0.7431
957,Zn,TaW,0.5685,7.935,1.93,0.8140000000000000
958,Zn,TaRe,0.236,7.885,1.7,0.7945
959,Zn,TaOs,0.7110000000000000,8.295,1.85,0.7782
960,Zn,TaIr,0.9435,8.495,1.85,0.76555
961,Zn,TaPt,1.225,8.445,1.89,0.7539
962,Zn,TaAu,1.3155,8.558,2.02,0.74045
963,Zn,TaHg,0.161,9.164,1.75,0.7266
964,Zn,TaTl,0.261,6.999,1.56,0.7139
965,Zn,WRe,0.4825,7.93,2.13,0.77125
966,Zn,WOs,0.9575,8.34,2.28,0.75495
967,Zn,WIr,1.19,8.54,2.28,0.7423
968,Zn,WPt,1.4715,8.49,2.32,0.73065
969,Zn,WAu,1.562,8.603000000000000,2.45,0.7172000000000000
970,Zn,WHg,0.4075,9.209,2.18,0.7033500000000000
971,Zn,WTl,0.5075,7.0440000000000000,1.99,0.69065
972,Zn,ReOs,0.625,8.29,2.05,0.7354500000000000
973,Zn,ReIr,0.8575000000000000,8.49,2.05,0.7228
974,Zn,RePt,1.139,8.44,2.09,0.71115
975,Zn,ReAu,1.2295,8.553,2.22,0.6977
976,Zn,ReHg,0.075,9.159,1.95,0.6838500000000000
977,Zn,ReTl,0.175,6.994,1.76,0.67115
978,Zn,OsIr,1.3325,8.900000000000000,2.2,0.7065000000000000
979,Zn,OsPt,1.614,8.85,2.24,0.69485
980,Zn,OsAu,1.7045,8.963000000000000,2.37,0.6814
981,Zn,OsHg,0.55,9.569,2.1,0.66755
982,Zn,OsTl,0.65,7.404,1.91,0.6548500000000000
983,Zn,IrPt,1.8465,9.05,2.24,0.6822000000000000
984,Zn,IrAu,1.937,9.163,2.37,0.66875
985,Zn,IrHg,0.7825,9.769,2.1,0.6549
986,Zn,IrTl,0.8825,7.604000000000000,1.91,0.6422
987,Zn,PtAu,2.2185,9.113,2.41,0.6571
988,Zn,PtHg,1.064,9.719,2.14,0.64325
989,Zn,PtTl,1.164,7.554,1.95,0.6305500000000000
990,Zn,AuHg,1.1545,9.832,2.27,0.6298
991,Zn,AuTl,1.2545000000000000,7.667,2.08,0.6171
992,Zn,HgTl,0.1,8.273,1.81,0.6032500000000000
993,Pd,ScTi,0.1335,6.6945,1.4500000000000000,0.5504
994,Pd,ScV,0.3565,6.6535,1.495,0.52845
995,Pd,ScCr,0.427,6.664,1.51,0.5103500000000000
996,Pd,ScMn,0.094,6.9975000000000000,1.455,0.4948
997,Pd,ScFe,0.1755,7.2315,1.5950000000000000,0.48175
998,Pd,ScCo,0.4245,7.221,1.62,0.4702
999,Pd,ScNi,0.6720000000000000,7.1005,1.635,0.459575
1000,Pd,ScCu,0.708,7.1435,1.63,0.450225
1001,Pd,ScZn,0.094,7.9775,1.505,0.440575
1002,Pd,ScGa,0.244,6.280000000000000,1.585,0.431875
1003,Pd,ScGe,0.769,7.2305,1.685,0.424
1004,Pd,ScY,0.2475,6.389000000000000,1.29,0.76335
1005,Pd,ScZr,0.307,6.5975,1.3450000000000000,0.71345
1006,Pd,ScNb,0.5405,6.66,1.48,0.67745
1007,Pd,ScMo,0.4670000000000000,6.826500000000000,1.7600000000000000,0.6544000000000000
1008,Pd,ScRu,0.619,6.961,1.7800000000000000,0.61435
1009,Pd,ScRh,0.6625,7.01,1.82,0.5971500000000000
1010,Pd,ScAg,0.745,7.0685,1.645,0.5651000000000000
1011,Pd,ScCd,0.094,7.7775,1.525,0.55035
1012,Pd,ScIn,0.244,6.1735,1.57,0.5372
1013,Pd,ScSn,0.694,6.952500000000000,1.66,0.52545
1014,Pd,ScHf,0.094,6.693,1.33,0.7385000000000000
1015,Pd,ScTa,0.255,7.2255,1.4300000000000000,0.7093
1016,Pd,ScW,0.5015,7.2705,1.86,0.68605
1017,Pd,ScRe,0.1690000000000000,7.220500000000000,1.63,0.66655
1018,Pd,ScOs,0.644,7.6305,1.7800000000000000,0.65025
1019,Pd,ScIr,0.8765,7.8305,1.7800000000000000,0.6376
1020,Pd,ScPt,1.158,7.7805,1.82,0.62595
1021,Pd,ScAu,1.2485000000000000,7.8935,1.95,0.6125
1022,Pd,ScHg,0.094,8.499500000000000,1.6800000000000000,0.59865
1023,Pd,ScTl,0.194,6.3345,1.4900000000000000,0.58595
1024,Pd,TiV,0.302,6.787000000000000,1.585,0.4975000000000000
1025,Pd,TiCr,0.3725,6.7975,1.6,0.4794
1026,Pd,TiMn,0.0395,7.131,1.545,0.46385
1027,Pd,TiFe,0.121,7.365,1.685,0.4508
1028,Pd,TiCo,0.37,7.3545,1.71,0.43925
1029,Pd,TiNi,0.6175000000000000,7.234,1.725,0.428625
1030,Pd,TiCu,0.6535,7.277,1.72,0.4192750000000000
1031,Pd,TiZn,0.0395,8.111,1.595,0.409625
1032,Pd,TiGa,0.1895,6.4135,1.675,0.400925
1033,Pd,TiGe,0.7145,7.364000000000000,1.775,0.39305
1034,Pd,TiY,0.193,6.5225,1.38,0.7324000000000000
1035,Pd,TiZr,0.2525,6.731,1.435,0.6825
1036,Pd,TiNb,0.486,6.7935,1.57,0.6465
1037,Pd,TiMo,0.4125,6.96,1.85,0.6234500000000000
1038,Pd,TiRu,0.5645,7.0945,1.87,0.5834000000000000
1039,Pd,TiRh,0.608,7.1435,1.91,0.5662
1040,Pd,TiAg,0.6905,7.202,1.735,0.5341500000000000
1041,Pd,TiCd,0.0395,7.911,1.615,0.5194
1042,Pd,TiIn,0.1895,6.307,1.66,0.50625
1043,Pd,TiSn,0.6395,7.086,1.75,0.4945
1044,Pd,TiHf,0.0395,6.8265,1.42,0.7075500000000000
1045,Pd,TiTa,0.2005,7.359,1.52,0.67835
1046,Pd,TiW,0.4470000000000000,7.404,1.95,0.6551
1047,Pd,TiRe,0.1145000000000000,7.354,1.72,0.6356000000000000
1048,Pd,TiOs,0.5895,7.764000000000000,1.87,0.6193
1049,Pd,TiIr,0.822,7.964,1.87,0.6066500000000000
1050,Pd,TiPt,1.1035,7.914,1.91,0.595
1051,Pd,TiAu,1.1940000000000000,8.027000000000000,2.04,0.58155
1052,Pd,TiHg,0.0395,8.633000000000000,1.77,0.5677
1053,Pd,TiTl,0.1395,6.468,1.58,0.5550000000000000
1054,Pd,VCr,0.5955,6.756500000000000,1.645,0.45745
1055,Pd,VMn,0.2625,7.09,1.59,0.4419000000000000
1056,Pd,VFe,0.344,7.324,1.73,0.4288500000000000
1057,Pd,VCo,0.593,7.3135,1.755,0.4173
1058,Pd,VNi,0.8405,7.193,1.77,0.406675
1059,Pd,VCu,0.8765000000000000,7.236000000000000,1.765,0.397325
1060,Pd,VZn,0.2625,8.07,1.64,0.387675
1061,Pd,VGa,0.4125,6.3725000000000000,1.72,0.3789750000000000
1062,Pd,VGe,0.9375,7.323,1.82,0.3711
1063,Pd,VY,0.416,6.4815000000000000,1.4250000000000000,0.71045
1064,Pd,VZr,0.4755,6.69,1.48,0.66055
1065,Pd,VNb,0.7090000000000000,6.7525,1.615,0.6245500000000000
1066,Pd,VMo,0.6355,6.9190000000000000,1.895,0.6015
1067,Pd,VRu,0.7875000000000000,7.0535,1.915,0.56145
1068,Pd,VRh,0.831,7.1025,1.955,0.54425
1069,Pd,VAg,0.9135,7.161,1.7800000000000000,0.5122
1070,Pd,VCd,0.2625,7.87,1.66,0.4974500000000000
1071,Pd,VIn,0.4125,6.266,1.705,0.4843000000000000
1072,Pd,VSn,0.8625,7.045,1.795,0.47255
1073,Pd,VHf,0.2625,6.785500000000000,1.465,0.6856
1074,Pd,VTa,0.4235,7.318,1.565,0.6564
1075,Pd,VW,0.6700000000000000,7.363,1.995,0.63315
1076,Pd,VRe,0.3375,7.313000000000000,1.765,0.61365
1077,Pd,VOs,0.8125,7.723,1.915,0.5973500000000000
1078,Pd,VIr,1.045,7.923,1.915,0.5847
1079,Pd,VPt,1.3265,7.873,1.955,0.57305
1080,Pd,VAu,1.417,7.986000000000000,2.085,0.5596
1081,Pd,VHg,0.2625,8.592,1.815,0.54575
1082,Pd,VTl,0.3625,6.427,1.625,0.53305
1083,Pd,CrMn,0.333,7.1005,1.605,0.4238
1084,Pd,CrFe,0.4145,7.3345,1.745,0.41075
1085,Pd,CrCo,0.6635,7.324,1.77,0.3992
1086,Pd,CrNi,0.911,7.2035,1.785,0.388575
1087,Pd,CrCu,0.947,7.2465,1.7800000000000000,0.379225
1088,Pd,CrZn,0.333,8.0805,1.6550000000000000,0.369575
1089,Pd,CrGa,0.483,6.383,1.735,0.360875
1090,Pd,CrGe,1.008,7.333500000000000,1.835,0.353
1091,Pd,CrY,0.4865,6.492,1.44,0.69235
1092,Pd,CrZr,0.546,6.7005,1.495,0.64245
1093,Pd,CrNb,0.7795000000000000,6.763,1.63,0.6064500000000000
1094,Pd,CrMo,0.706,6.9295,1.91,0.5834
1095,Pd,CrRu,0.8580000000000000,7.064,1.93,0.54335
1096,Pd,CrRh,0.9015,7.113,1.97,0.52615
1097,Pd,CrAg,0.984,7.1715,1.795,0.4941
1098,Pd,CrCd,0.333,7.8805,1.6750000000000000,0.47935
1099,Pd,CrIn,0.483,6.2765,1.72,0.4662
1100,Pd,CrSn,0.933,7.0555,1.81,0.45445
1101,Pd,CrHf,0.333,6.796,1.48,0.6675
1102,Pd,CrTa,0.494,7.3285,1.58,0.6383000000000000
1103,Pd,CrW,0.7405000000000000,7.3735,2.01,0.61505
1104,Pd,CrRe,0.408,7.3235,1.7800000000000000,0.59555
1105,Pd,CrOs,0.883,7.733500000000000,1.93,0.57925
1106,Pd,CrIr,1.1155,7.9335,1.93,0.5666
1107,Pd,CrPt,1.397,7.8835,1.97,0.55495
1108,Pd,CrAu,1.4875,7.996500000000000,2.1,0.5415000000000000
1109,Pd,CrHg,0.333,8.602500000000000,1.83,0.52765
1110,Pd,CrTl,0.433,6.4375,1.64,0.51495
1111,Pd,MnFe,0.0815,7.668,1.69,0.3952
1112,Pd,MnCo,0.3305,7.657500000000000,1.715,0.38365
1113,Pd,MnNi,0.578,7.537,1.73,0.373025
1114,Pd,MnCu,0.614,7.58,1.725,0.3636750000000000
1115,Pd,MnZn,0.0,8.414,1.6,0.354025
1116,Pd,MnGa,0.15,6.7165,1.6800000000000000,0.345325
1117,Pd,MnGe,0.675,7.667,1.7800000000000000,0.33745
1118,Pd,MnY,0.1535,6.8255,1.385,0.6768000000000000
1119,Pd,MnZr,0.213,7.034000000000000,1.44,0.6269
1120,Pd,MnNb,0.4465,7.096500000000000,1.5750000000000000,0.5909
1121,Pd,MnMo,0.373,7.263,1.855,0.56785
1122,Pd,MnRu,0.525,7.3975,1.875,0.5278
1123,Pd,MnRh,0.5685,7.4465,1.915,0.5106000000000000
1124,Pd,MnAg,0.651,7.505,1.74,0.47855
1125,Pd,MnCd,0.0,8.214,1.62,0.4638
1126,Pd,MnIn,0.15,6.610000000000000,1.665,0.45065
1127,Pd,MnSn,0.6,7.389,1.755,0.4389
1128,Pd,MnHf,0.0,7.1295,1.425,0.65195
1129,Pd,MnTa,0.161,7.662,1.525,0.62275
1130,Pd,MnW,0.4075,7.707000000000000,1.955,0.5995000000000000
1131,Pd,MnRe,0.075,7.657,1.725,0.5800000000000000
1132,Pd,MnOs,0.55,8.067,1.875,0.5637
1133,Pd,MnIr,0.7825,8.267,1.875,0.55105
1134,Pd,MnPt,1.064,8.217,1.915,0.5394
1135,Pd,MnAu,1.1545,8.33,2.045,0.52595
1136,Pd,MnHg,0.0,8.936,1.775,0.5121
1137,Pd,MnTl,0.1,6.771,1.585,0.4994
1138,Pd,FeCo,0.412,7.891500000000000,1.855,0.3706
1139,Pd,FeNi,0.6595,7.771,1.87,0.359975
1140,Pd,FeCu,0.6955,7.814,1.865,0.3506250000000000
1141,Pd,FeZn,0.0815,8.648,1.74,0.340975
1142,Pd,FeGa,0.2315000000000000,6.9505,1.82,0.332275
1143,Pd,FeGe,0.7565000000000000,7.901,1.92,0.3244
1144,Pd,FeY,0.235,7.0595,1.525,0.6637500000000000
1145,Pd,FeZr,0.2945,7.268000000000000,1.58,0.61385
1146,Pd,FeNb,0.528,7.330500000000000,1.715,0.57785
1147,Pd,FeMo,0.4545,7.497,1.995,0.5548
1148,Pd,FeRu,0.6065,7.6315,2.015,0.51475
1149,Pd,FeRh,0.65,7.6805,2.055,0.49755
1150,Pd,FeAg,0.7325,7.739,1.88,0.4655000000000000
1151,Pd,FeCd,0.0815,8.448,1.76,0.45075
1152,Pd,FeIn,0.2315000000000000,6.844000000000000,1.805,0.4376
1153,Pd,FeSn,0.6815,7.623,1.895,0.42585
1154,Pd,FeHf,0.0815,7.3635,1.565,0.6389
1155,Pd,FeTa,0.2425,7.896,1.665,0.6097
1156,Pd,FeW,0.489,7.941000000000000,2.095,0.5864500000000000
1157,Pd,FeRe,0.1565,7.891,1.865,0.5669500000000000
1158,Pd,FeOs,0.6315000000000000,8.301,2.015,0.55065
1159,Pd,FeIr,0.864,8.501,2.015,0.538
1160,Pd,FePt,1.1455,8.451,2.055,0.52635
1161,Pd,FeAu,1.236,8.564,2.185,0.5129
1162,Pd,FeHg,0.0815,9.17,1.915,0.49905
1163,Pd,FeTl,0.1815,7.005,1.725,0.48635
1164,Pd,CoNi,0.9085,7.7605,1.895,0.348425
1165,Pd,CoCu,0.9445,7.8035,1.89,0.339075
1166,Pd,CoZn,0.3305,8.6375,1.765,0.3294250000000000
1167,Pd,CoGa,0.4805,6.94,1.845,0.320725
1168,Pd,CoGe,1.0055,7.8905,1.945,0.3128500000000000
1169,Pd,CoY,0.484,7.049,1.5500000000000000,0.6522
1170,Pd,CoZr,0.5435,7.2575,1.605,0.6023000000000000
1171,Pd,CoNb,0.777,7.32,1.74,0.5663
1172,Pd,CoMo,0.7035,7.486500000000000,2.02,0.54325
1173,Pd,CoRu,0.8555,7.621,2.04,0.5032
1174,Pd,CoRh,0.899,7.67,2.08,0.486
1175,Pd,CoAg,0.9815,7.7285,1.905,0.4539500000000000
1176,Pd,CoCd,0.3305,8.4375,1.785,0.4392
1177,Pd,CoIn,0.4805,6.8335,1.83,0.42605
1178,Pd,CoSn,0.9305,7.612500000000000,1.92,0.4143
1179,Pd,CoHf,0.3305,7.353,1.59,0.62735
1180,Pd,CoTa,0.4915,7.8855,1.69,0.59815
1181,Pd,CoW,0.738,7.9305,2.12,0.5749
1182,Pd,CoRe,0.4055,7.8805,1.89,0.5554
1183,Pd,CoOs,0.8805000000000000,8.2905,2.04,0.5391000000000000
1184,Pd,CoIr,1.113,8.4905,2.04,0.52645
1185,Pd,CoPt,1.3945,8.4405,2.08,0.5148000000000000
1186,Pd,CoAu,1.485,8.5535,2.21,0.50135
1187,Pd,CoHg,0.3305,9.1595,1.94,0.4875
1188,Pd,CoTl,0.4305,6.9945,1.75,0.4748
1189,Pd,NiCu,1.192,7.683,1.905,0.32845
1190,Pd,NiZn,0.578,8.517,1.7800000000000000,0.3188
1191,Pd,NiGa,0.728,6.8195,1.86,0.3101
1192,Pd,NiGe,1.253,7.77,1.96,0.3022250000000000
1193,Pd,NiY,0.7315000000000000,6.9285,1.565,0.641575
1194,Pd,NiZr,0.7910000000000000,7.1370000000000000,1.62,0.591675
1195,Pd,NiNb,1.0245,7.1995000000000000,1.755,0.5556750000000000
1196,Pd,NiMo,0.951,7.366,2.035,0.532625
1197,Pd,NiRu,1.103,7.5005,2.055,0.492575
1198,Pd,NiRh,1.1465,7.5495,2.095,0.475375
1199,Pd,NiAg,1.229,7.608,1.92,0.4433250000000000
1200,Pd,NiCd,0.578,8.317,1.8000000000000000,0.428575
1201,Pd,NiIn,0.728,6.713000000000000,1.845,0.415425
1202,Pd,NiSn,1.178,7.492,1.935,0.403675
1203,Pd,NiHf,0.578,7.2325,1.605,0.616725
1204,Pd,NiTa,0.739,7.765,1.705,0.5875250000000000
1205,Pd,NiW,0.9855,7.81,2.135,0.564275
1206,Pd,NiRe,0.6530000000000000,7.76,1.905,0.544775
1207,Pd,NiOs,1.128,8.17,2.055,0.528475
1208,Pd,NiIr,1.3605,8.37,2.055,0.515825
1209,Pd,NiPt,1.642,8.32,2.095,0.504175
1210,Pd,NiAu,1.7325,8.433,2.225,0.490725
1211,Pd,NiHg,0.578,9.039,1.955,0.476875
1212,Pd,NiTl,0.6780000000000000,6.874,1.765,0.464175
1213,Pd,CuZn,0.614,8.56,1.775,0.30945
1214,Pd,CuGa,0.764,6.8625,1.855,0.3007500000000000
1215,Pd,CuGe,1.289,7.813000000000000,1.955,0.292875
1216,Pd,CuY,0.7675,6.9715,1.56,0.632225
1217,Pd,CuZr,0.827,7.18,1.615,0.582325
1218,Pd,CuNb,1.0605,7.2425,1.75,0.546325
1219,Pd,CuMo,0.987,7.409,2.03,0.523275
1220,Pd,CuRu,1.139,7.5435,2.05,0.483225
1221,Pd,CuRh,1.1825,7.592500000000000,2.09,0.466025
1222,Pd,CuAg,1.265,7.651,1.915,0.433975
1223,Pd,CuCd,0.614,8.36,1.795,0.4192250000000000
1224,Pd,CuIn,0.764,6.756,1.84,0.4060750000000000
1225,Pd,CuSn,1.214,7.535,1.93,0.394325
1226,Pd,CuHf,0.614,7.2755,1.6,0.607375
1227,Pd,CuTa,0.775,7.808,1.7,0.578175
1228,Pd,CuW,1.0215,7.853,2.13,0.554925
1229,Pd,CuRe,0.689,7.803,1.9,0.535425
1230,Pd,CuOs,1.164,8.213,2.05,0.519125
1231,Pd,CuIr,1.3965,8.413,2.05,0.506475
1232,Pd,CuPt,1.678,8.363,2.09,0.4948250000000000
1233,Pd,CuAu,1.7685,8.476,2.22,0.481375
1234,Pd,CuHg,0.614,9.082,1.95,0.4675250000000000
1235,Pd,CuTl,0.714,6.917,1.76,0.454825
1236,Pd,ZnGa,0.15,7.6965,1.73,0.2911
1237,Pd,ZnGe,0.675,8.647,1.83,0.283225
1238,Pd,ZnY,0.1535,7.8055,1.435,0.622575
1239,Pd,ZnZr,0.213,8.014,1.49,0.572675
1240,Pd,ZnNb,0.4465,8.0765,1.625,0.536675
1241,Pd,ZnMo,0.373,8.243,1.905,0.513625
1242,Pd,ZnRu,0.525,8.3775,1.925,0.4735750000000000
1243,Pd,ZnRh,0.5685,8.4265,1.965,0.456375
1244,Pd,ZnAg,0.651,8.485,1.79,0.4243250000000000
1245,Pd,ZnCd,0.0,9.194,1.67,0.409575
1246,Pd,ZnIn,0.15,7.59,1.715,0.396425
1247,Pd,ZnSn,0.6,8.369,1.805,0.384675
1248,Pd,ZnHf,0.0,8.1095,1.475,0.597725
1249,Pd,ZnTa,0.161,8.642,1.575,0.5685250000000000
1250,Pd,ZnW,0.4075,8.687000000000000,2.005,0.545275
1251,Pd,ZnRe,0.075,8.637,1.775,0.525775
1252,Pd,ZnOs,0.55,9.047,1.925,0.509475
1253,Pd,ZnIr,0.7825,9.247,1.925,0.4968250000000000
1254,Pd,ZnPt,1.064,9.197,1.965,0.485175
1255,Pd,ZnAu,1.1545,9.31,2.095,0.471725
1256,Pd,ZnHg,0.0,9.916,1.825,0.457875
1257,Pd,ZnTl,0.1,7.751000000000000,1.635,0.445175
1258,Pd,GaGe,0.8250000000000000,6.9495000000000000,1.91,0.274525
1259,Pd,GaY,0.3035,6.108,1.515,0.613875
1260,Pd,GaZr,0.363,6.3165,1.57,0.563975
1261,Pd,GaNb,0.5965,6.379,1.705,0.527975
1262,Pd,GaMo,0.523,6.5455,1.985,0.5049250000000000
1263,Pd,GaRu,0.675,6.68,2.005,0.464875
1264,Pd,GaRh,0.7185,6.729000000000000,2.045,0.447675
1265,Pd,GaAg,0.801,6.7875,1.87,0.4156250000000000
1266,Pd,GaCd,0.15,7.496500000000000,1.75,0.400875
1267,Pd,GaIn,0.3,5.8925,1.795,0.387725
1268,Pd,GaSn,0.75,6.6715,1.885,0.375975
1269,Pd,GaHf,0.15,6.412,1.5550000000000000,0.5890250000000000
1270,Pd,GaTa,0.311,6.9445,1.655,0.559825
1271,Pd,GaW,0.5575,6.9895,2.085,0.536575
1272,Pd,GaRe,0.2250000000000000,6.9395,1.855,0.517075
1273,Pd,GaOs,0.7000000000000000,7.349500000000000,2.005,0.500775
1274,Pd,GaIr,0.9325,7.5495,2.005,0.488125
1275,Pd,GaPt,1.214,7.499500000000000,2.045,0.476475
1276,Pd,GaAu,1.3045,7.612500000000000,2.175,0.463025
1277,Pd,GaHg,0.15,8.2185,1.905,0.449175
1278,Pd,GaTl,0.25,6.0535,1.715,0.436475
1279,Pd,GeY,0.8285,7.0585,1.6150000000000000,0.606
1280,Pd,GeZr,0.888,7.267,1.67,0.5561
1281,Pd,GeNb,1.1215000000000000,7.3295,1.805,0.5201
1282,Pd,GeMo,1.048,7.496,2.085,0.49705
1283,Pd,GeRu,1.2000000000000000,7.6305,2.105,0.4570000000000000
1284,Pd,GeRh,1.2435,7.6795,2.145,0.4398000000000000
1285,Pd,GeAg,1.326,7.738000000000000,1.97,0.4077500000000000
1286,Pd,GeCd,0.675,8.447,1.85,0.393
1287,Pd,GeIn,0.8250000000000000,6.843,1.895,0.37985
1288,Pd,GeSn,1.275,7.622,1.985,0.3681
1289,Pd,GeHf,0.675,7.362500000000000,1.6550000000000000,0.5811500000000000
1290,Pd,GeTa,0.8360000000000000,7.895,1.755,0.55195
1291,Pd,GeW,1.0825,7.94,2.185,0.5287
1292,Pd,GeRe,0.75,7.890000000000000,1.955,0.5092
1293,Pd,GeOs,1.225,8.3,2.105,0.4929
1294,Pd,GeIr,1.4575,8.5,2.105,0.4802500000000000
1295,Pd,GePt,1.739,8.45,2.145,0.4686
1296,Pd,GeAu,1.8295,8.563,2.275,0.45515
1297,Pd,GeHg,0.675,9.169,2.005,0.4413
1298,Pd,GeTl,0.775,7.004,1.815,0.4286
1299,Pd,YZr,0.3665,6.4255,1.275,0.8954500000000000
1300,Pd,YNb,0.6,6.488,1.41,0.85945
1301,Pd,YMo,0.5265,6.6545,1.69,0.8364
1302,Pd,YRu,0.6785,6.789,1.71,0.79635
1303,Pd,YRh,0.722,6.838000000000000,1.75,0.77915
1304,Pd,YAg,0.8045,6.8965,1.575,0.7471
1305,Pd,YCd,0.1535,7.605500000000000,1.455,0.7323500000000000
1306,Pd,YIn,0.3035,6.0015,1.5,0.7192000000000000
1307,Pd,YSn,0.7535,6.7805,1.59,0.70745
1308,Pd,YHf,0.1535,6.521,1.26,0.9205
1309,Pd,YTa,0.3145,7.0535,1.36,0.8913
1310,Pd,YW,0.5610000000000000,7.0985,1.79,0.86805
1311,Pd,YRe,0.2285000000000000,7.0485,1.56,0.84855
1312,Pd,YOs,0.7035,7.458500000000000,1.71,0.8322500000000000
1313,Pd,YIr,0.936,7.6585,1.71,0.8196
1314,Pd,YPt,1.2175,7.608500000000000,1.75,0.80795
1315,Pd,YAu,1.308,7.721500000000000,1.88,0.7945
1316,Pd,YHg,0.1535,8.3275,1.61,0.7806500000000000
1317,Pd,YTl,0.2535,6.1625,1.42,0.76795
1318,Pd,ZrNb,0.6595,6.6965,1.465,0.80955
1319,Pd,ZrMo,0.586,6.863,1.745,0.7865
1320,Pd,ZrRu,0.738,6.9975000000000000,1.765,0.7464500000000000
1321,Pd,ZrRh,0.7815,7.0465,1.805,0.72925
1322,Pd,ZrAg,0.864,7.105,1.63,0.6972
1323,Pd,ZrCd,0.213,7.814,1.51,0.68245
1324,Pd,ZrIn,0.363,6.21,1.5550000000000000,0.6693
1325,Pd,ZrSn,0.813,6.989000000000000,1.645,0.6575500000000000
1326,Pd,ZrHf,0.213,6.7295,1.315,0.8706
1327,Pd,ZrTa,0.374,7.262,1.415,0.8414
1328,Pd,ZrW,0.6205000000000000,7.307,1.845,0.8181500000000000
1329,Pd,ZrRe,0.288,7.257,1.615,0.7986500000000000
1330,Pd,ZrOs,0.763,7.667,1.765,0.78235
1331,Pd,ZrIr,0.9955,7.867,1.765,0.7697
1332,Pd,ZrPt,1.277,7.817,1.805,0.75805
1333,Pd,ZrAu,1.3675000000000000,7.930000000000000,1.935,0.7446
1334,Pd,ZrHg,0.213,8.536000000000000,1.665,0.73075
1335,Pd,ZrTl,0.313,6.371,1.475,0.7180500000000000
1336,Pd,NbMo,0.8195,6.9255,1.88,0.7505
1337,Pd,NbRu,0.9715,7.0600000000000000,1.9,0.71045
1338,Pd,NbRh,1.015,7.109,1.94,0.6932500000000000
1339,Pd,NbAg,1.0975,7.1675,1.765,0.6612
1340,Pd,NbCd,0.4465,7.8765,1.645,0.64645
1341,Pd,NbIn,0.5965,6.2725,1.69,0.6333
1342,Pd,NbSn,1.0465,7.051500000000000,1.78,0.62155
1343,Pd,NbHf,0.4465,6.792,1.4500000000000000,0.8346
1344,Pd,NbTa,0.6075,7.3245,1.55,0.8054
1345,Pd,NbW,0.854,7.3695,1.98,0.7821500000000000
1346,Pd,NbRe,0.5215,7.3195,1.75,0.76265
1347,Pd,NbOs,0.9965,7.7295,1.9,0.74635
1348,Pd,NbIr,1.229,7.9295,1.9,0.7337
1349,Pd,NbPt,1.5105,7.8795,1.94,0.72205
1350,Pd,NbAu,1.601,7.992500000000000,2.0700000000000000,0.7086
1351,Pd,NbHg,0.4465,8.598500000000000,1.8,0.69475
1352,Pd,NbTl,0.5465,6.4335,1.61,0.68205
1353,Pd,MoRu,0.898,7.2265,2.18,0.6874
1354,Pd,MoRh,0.9415,7.275500000000000,2.22,0.6702
1355,Pd,MoAg,1.024,7.334,2.045,0.63815
1356,Pd,MoCd,0.373,8.043,1.925,0.6234
1357,Pd,MoIn,0.523,6.439,1.97,0.61025
1358,Pd,MoSn,0.973,7.218,2.06,0.5985
1359,Pd,MoHf,0.373,6.9585,1.73,0.81155
1360,Pd,MoTa,0.534,7.491,1.83,0.7823500000000000
1361,Pd,MoW,0.7805,7.536,2.26,0.7591
1362,Pd,MoRe,0.448,7.486,2.03,0.7396
1363,Pd,MoOs,0.923,7.896000000000000,2.18,0.7233
1364,Pd,MoIr,1.1555,8.096,2.18,0.71065
1365,Pd,MoPt,1.437,8.046,2.22,0.6990000000000000
1366,Pd,MoAu,1.5275,8.159,2.35,0.6855500000000000
1367,Pd,MoHg,0.373,8.765,2.08,0.6717
1368,Pd,MoTl,0.473,6.6,1.89,0.659
1369,Pd,RuRh,1.0935,7.41,2.24,0.63015
1370,Pd,RuAg,1.1760000000000000,7.4685,2.065,0.5981
1371,Pd,RuCd,0.525,8.1775,1.945,0.58335
1372,Pd,RuIn,0.675,6.573500000000000,1.99,0.5702
1373,Pd,RuSn,1.125,7.3525,2.08,0.55845
1374,Pd,RuHf,0.525,7.093,1.75,0.7715
1375,Pd,RuTa,0.686,7.6255,1.85,0.7423
1376,Pd,RuW,0.9325,7.6705,2.28,0.71905
1377,Pd,RuRe,0.6,7.6205,2.05,0.69955
1378,Pd,RuOs,1.0750000000000000,8.0305,2.2,0.6832500000000000
1379,Pd,RuIr,1.3075,8.2305,2.2,0.6706
1380,Pd,RuPt,1.589,8.1805,2.24,0.6589500000000000
1381,Pd,RuAu,1.6795,8.2935,2.37,0.6455
1382,Pd,RuHg,0.525,8.8995,2.1,0.63165
1383,Pd,RuTl,0.625,6.7345,1.91,0.61895
1384,Pd,RhAg,1.2195,7.5175,2.105,0.5809
1385,Pd,RhCd,0.5685,8.2265,1.985,0.5661500000000000
1386,Pd,RhIn,0.7185,6.6225,2.03,0.5530000000000000
1387,Pd,RhSn,1.1685,7.4015,2.12,0.54125
1388,Pd,RhHf,0.5685,7.142,1.79,0.7543
1389,Pd,RhTa,0.7295,7.6745,1.89,0.7251000000000000
1390,Pd,RhW,0.976,7.7195,2.32,0.70185
1391,Pd,RhRe,0.6435,7.669500000000000,2.09,0.68235
1392,Pd,RhOs,1.1185,8.0795,2.24,0.66605
1393,Pd,RhIr,1.351,8.279500000000000,2.24,0.6534
1394,Pd,RhPt,1.6325,8.2295,2.28,0.64175
1395,Pd,RhAu,1.723,8.342500000000000,2.41,0.6283000000000000
1396,Pd,RhHg,0.5685,8.9485,2.14,0.6144500000000000
1397,Pd,RhTl,0.6685,6.7835,1.95,0.60175
1398,Pd,AgCd,0.651,8.285,1.81,0.5341
1399,Pd,AgIn,0.801,6.681000000000000,1.855,0.52095
1400,Pd,AgSn,1.251,7.46,1.945,0.5092
1401,Pd,AgHf,0.651,7.2005,1.615,0.72225
1402,Pd,AgTa,0.812,7.733,1.715,0.6930500000000000
1403,Pd,AgW,1.0585,7.778,2.145,0.6698
1404,Pd,AgRe,0.726,7.728,1.915,0.6503
1405,Pd,AgOs,1.201,8.138,2.065,0.6340000000000000
1406,Pd,AgIr,1.4335,8.338,2.065,0.62135
1407,Pd,AgPt,1.715,8.288,2.105,0.6097000000000000
1408,Pd,AgAu,1.8055,8.401,2.235,0.59625
1409,Pd,AgHg,0.651,9.007,1.965,0.5824
1410,Pd,AgTl,0.751,6.842,1.775,0.5697
1411,Pd,CdIn,0.15,7.39,1.735,0.5062
1412,Pd,CdSn,0.6,8.169,1.825,0.49445
1413,Pd,CdHf,0.0,7.909500000000000,1.495,0.7075
1414,Pd,CdTa,0.161,8.442,1.595,0.6783
1415,Pd,CdW,0.4075,8.487,2.025,0.6550500000000000
1416,Pd,CdRe,0.075,8.437,1.795,0.6355500000000000
1417,Pd,CdOs,0.55,8.847,1.945,0.61925
1418,Pd,CdIr,0.7825,9.047,1.945,0.6066
1419,Pd,CdPt,1.064,8.997,1.985,0.59495
1420,Pd,CdAu,1.1545,9.11,2.115,0.5815
1421,Pd,CdHg,0.0,9.716,1.845,0.56765
1422,Pd,CdTl,0.1,7.551,1.655,0.55495
1423,Pd,InSn,0.75,6.565,1.87,0.4813
1424,Pd,InHf,0.15,6.3055,1.54,0.69435
1425,Pd,InTa,0.311,6.838000000000000,1.64,0.66515
1426,Pd,InW,0.5575,6.883,2.07,0.6419000000000000
1427,Pd,InRe,0.2250000000000000,6.833,1.84,0.6224000000000000
1428,Pd,InOs,0.7000000000000000,7.243000000000000,1.99,0.6061
1429,Pd,InIr,0.9325,7.443,1.99,0.59345
1430,Pd,InPt,1.214,7.393,2.03,0.5818
1431,Pd,InAu,1.3045,7.506,2.16,0.56835
1432,Pd,InHg,0.15,8.112,1.89,0.5545
1433,Pd,InTl,0.25,5.947000000000000,1.7000000000000000,0.5418000000000000
1434,Pd,SnHf,0.6,7.0845,1.63,0.6826
1435,Pd,SnTa,0.761,7.617,1.73,0.6534
1436,Pd,SnW,1.0075000000000000,7.662000000000000,2.16,0.63015
1437,Pd,SnRe,0.6750000000000000,7.612,1.93,0.61065
1438,Pd,SnOs,1.15,8.022,2.08,0.5943500000000000
1439,Pd,SnIr,1.3825000000000000,8.222,2.08,0.5817
1440,Pd,SnPt,1.664,8.172,2.12,0.57005
1441,Pd,SnAu,1.7545000000000000,8.285,2.25,0.5566
1442,Pd,SnHg,0.6,8.891,1.98,0.5427500000000000
1443,Pd,SnTl,0.7,6.726,1.79,0.53005
1444,Pd,HfTa,0.161,7.3575,1.4,0.8664500000000000
1445,Pd,HfW,0.4075,7.4025,1.83,0.8432
1446,Pd,HfRe,0.075,7.3525,1.6,0.8237
1447,Pd,HfOs,0.55,7.762500000000000,1.75,0.8074000000000000
1448,Pd,HfIr,0.7825,7.9625,1.75,0.79475
1449,Pd,HfPt,1.064,7.9125,1.79,0.7831000000000000
1450,Pd,HfAu,1.1545,8.025500000000000,1.92,0.76965
1451,Pd,HfHg,0.0,8.6315,1.65,0.7558
1452,Pd,HfTl,0.1,6.4665,1.46,0.7431
1453,Pd,TaW,0.5685,7.935,1.93,0.8140000000000000
1454,Pd,TaRe,0.236,7.885,1.7,0.7945
1455,Pd,TaOs,0.7110000000000000,8.295,1.85,0.7782
1456,Pd,TaIr,0.9435,8.495,1.85,0.76555
1457,Pd,TaPt,1.225,8.445,1.89,0.7539
1458,Pd,TaAu,1.3155,8.558,2.02,0.74045
1459,Pd,TaHg,0.161,9.164,1.75,0.7266
1460,Pd,TaTl,0.261,6.999,1.56,0.7139
1461,Pd,WRe,0.4825,7.93,2.13,0.77125
1462,Pd,WOs,0.9575,8.34,2.28,0.75495
1463,Pd,WIr,1.19,8.54,2.28,0.7423
1464,Pd,WPt,1.4715,8.49,2.32,0.73065
1465,Pd,WAu,1.562,8.603000000000000,2.45,0.7172000000000000
1466,Pd,WHg,0.4075,9.209,2.18,0.7033500000000000
1467,Pd,WTl,0.5075,7.0440000000000000,1.99,0.69065
1468,Pd,ReOs,0.625,8.29,2.05,0.7354500000000000
1469,Pd,ReIr,0.8575000000000000,8.49,2.05,0.7228
1470,Pd,RePt,1.139,8.44,2.09,0.71115
1471,Pd,ReAu,1.2295,8.553,2.22,0.6977
1472,Pd,ReHg,0.075,9.159,1.95,0.6838500000000000
1473,Pd,ReTl,0.175,6.994,1.76,0.67115
1474,Pd,OsIr,1.3325,8.900000000000000,2.2,0.7065000000000000
1475,Pd,OsPt,1.614,8.85,2.24,0.69485
1476,Pd,OsAu,1.7045,8.963000000000000,2.37,0.6814
1477,Pd,OsHg,0.55,9.569,2.1,0.66755
1478,Pd,OsTl,0.65,7.404,1.91,0.6548500000000000
1479,Pd,IrPt,1.8465,9.05,2.24,0.6822000000000000
1480,Pd,IrAu,1.937,9.163,2.37,0.66875
1481,Pd,IrHg,0.7825,9.769,2.1,0.6549
1482,Pd,IrTl,0.8825,7.604000000000000,1.91,0.6422
1483,Pd,PtAu,2.2185,9.113,2.41,0.6571
1484,Pd,PtHg,1.064,9.719,2.14,0.64325
1485,Pd,PtTl,1.164,7.554,1.95,0.6305500000000000
1486,Pd,AuHg,1.1545,9.832,2.27,0.6298
1487,Pd,AuTl,1.2545000000000000,7.667,2.08,0.6171
1488,Pd,HgTl,0.1,8.273,1.81,0.6032500000000000
